"Scenario","p","n","n_groups","truth_profile","Method","Effect_Type","Mean","SD","Median","N"
"p100_g05_baseline3_main10",100,1000,5,"baseline3","SGL-WQS","Negative",-4.52802636274049,0.48329674554456,-4.70862345804563,10
"p100_g05_baseline3_main10",100,1000,5,"baseline3","SGL-WQS","Positive",4.64707055276821,0.416951344303156,4.70212507982306,10
"p100_g05_baseline3_main10",100,1000,5,"baseline3","gWQS","Negative",-0.22767399341119,2.1840336158726,0.0480445825058096,10
"p100_g05_baseline3_main10",100,1000,5,"baseline3","gWQS","Positive",0.269616807514074,2.17829256976062,-0.20205178353645,10
"p100_g05_baseline3_main10",100,1000,5,"baseline3","groupWQS","GWQS1",0.410085637261437,0.240121707775115,0.419700568379,10
"p100_g05_baseline3_main10",100,1000,5,"baseline3","groupWQS","GWQS2",-0.0348888155357202,0.2152753097423,-0.0538645314953872,10
"p100_g05_baseline3_main10",100,1000,5,"baseline3","groupWQS","GWQS3",-0.34302257541946,0.163450103917679,-0.357903779274798,10
"p100_g05_baseline3_main10",100,1000,5,"baseline3","groupWQS","GWQS4",0.156335702656219,0.182702719387354,0.184143404208895,10
"p100_g05_baseline3_main10",100,1000,5,"baseline3","groupWQS","GWQS5",-0.0275575354102351,0.305849588214803,-0.0422129245156306,10
"p100_g05_baseline3_main10",100,1000,5,"baseline3","qgcomp","Negative",-6.0317300568584,0.440108065477857,-6.01042611576138,10
"p100_g05_baseline3_main10",100,1000,5,"baseline3","qgcomp","Overall",0.178218799250963,0.284013510045648,0.201384621458713,10
"p100_g05_baseline3_main10",100,1000,5,"baseline3","qgcomp","Positive",6.20994885610936,0.429153337340275,6.17840689917507,10
"p100_g05_strong3_orth5",100,1000,5,"strong3","SGL-WQS","Negative",-4.49579510428766,0.60826780953881,-4.13466235014082,5
"p100_g05_strong3_orth5",100,1000,5,"strong3","SGL-WQS","Positive",4.79664472678045,0.509843050022555,4.73526292896602,5
"p100_g05_strong3_orth5",100,1000,5,"strong3","gWQS","Negative",-0.208914792512287,2.24404794402747,0.598539200413387,5
"p100_g05_strong3_orth5",100,1000,5,"strong3","gWQS","Positive",0.437681944588655,2.49180581229053,-0.751016295077491,5
"p100_g05_strong3_orth5",100,1000,5,"strong3","groupWQS","GWQS1",0.409353609596806,0.172137336828494,0.329653242299944,5
"p100_g05_strong3_orth5",100,1000,5,"strong3","groupWQS","GWQS2",0.0402077635271104,0.262764388471651,0.0769633900619956,5
"p100_g05_strong3_orth5",100,1000,5,"strong3","groupWQS","GWQS3",-0.402517492649172,0.150367809586362,-0.423916741313157,5
"p100_g05_strong3_orth5",100,1000,5,"strong3","groupWQS","GWQS4",0.164873812781099,0.152336932395832,0.213742322717028,5
"p100_g05_strong3_orth5",100,1000,5,"strong3","groupWQS","GWQS5",0.0254105622038021,0.296236360352188,-0.0963448296938637,5
"p100_g05_strong3_orth5",100,1000,5,"strong3","qgcomp","Negative",-5.86729021390971,0.250440108612636,-5.73630219310876,5
"p100_g05_strong3_orth5",100,1000,5,"strong3","qgcomp","Overall",0.316804991564304,0.244952465050096,0.316340881860669,5
"p100_g05_strong3_orth5",100,1000,5,"strong3","qgcomp","Positive",6.18409520547401,0.348085944348598,6.22498987875059,5
"p100_g05_weak3_orth5",100,1000,5,"weak3","SGL-WQS","Negative",-4.42907643393975,0.516120038355962,-4.15368469880102,5
"p100_g05_weak3_orth5",100,1000,5,"weak3","SGL-WQS","Positive",4.71361233245572,0.387373085629573,4.61159350324528,5
"p100_g05_weak3_orth5",100,1000,5,"weak3","gWQS","Negative",0.752658869410717,2.04773099407359,1.24139510201582,5
"p100_g05_weak3_orth5",100,1000,5,"weak3","gWQS","Positive",-0.532902349726278,2.25043335883251,-1.42382773646448,5
"p100_g05_weak3_orth5",100,1000,5,"weak3","groupWQS","GWQS1",0.155282326176148,0.180566720697426,0.0679344142880088,5
"p100_g05_weak3_orth5",100,1000,5,"weak3","groupWQS","GWQS2",0.0569208591077626,0.261494494575174,0.0899036927133896,5
"p100_g05_weak3_orth5",100,1000,5,"weak3","groupWQS","GWQS3",-0.198137902752263,0.153635675128416,-0.225023075842371,5
"p100_g05_weak3_orth5",100,1000,5,"weak3","groupWQS","GWQS4",0.165458335621409,0.141534252231612,0.2020470318707,5
"p100_g05_weak3_orth5",100,1000,5,"weak3","groupWQS","GWQS5",0.0164983946946597,0.295994284142912,-0.104209257438895,5
"p100_g05_weak3_orth5",100,1000,5,"weak3","qgcomp","Negative",-5.72360681505651,0.35156938501628,-5.54982805197901,5
"p100_g05_weak3_orth5",100,1000,5,"weak3","qgcomp","Overall",0.290022875876117,0.243496646313289,0.278266598743988,5
"p100_g05_weak3_orth5",100,1000,5,"weak3","qgcomp","Positive",6.01362969093263,0.432952026057906,6.00795073681438,5
"p100_g10_baseline3_main10",100,1000,10,"baseline3","SGL-WQS","Negative",-4.24464636131074,0.621350259679463,-4.2833323189792,10
"p100_g10_baseline3_main10",100,1000,10,"baseline3","SGL-WQS","Positive",4.4297003487065,0.698788339241972,4.45534598836801,10
"p100_g10_baseline3_main10",100,1000,10,"baseline3","gWQS","Negative",0.262403034825065,1.12659971638671,0.0378978227024179,10
"p100_g10_baseline3_main10",100,1000,10,"baseline3","gWQS","Positive",-0.150093557736298,1.05403440350152,0.0319933905253682,10
"p100_g10_baseline3_main10",100,1000,10,"baseline3","groupWQS","GWQS1",0.254844848834327,0.241043213259545,0.23912002368491,10
"p100_g10_baseline3_main10",100,1000,10,"baseline3","groupWQS","GWQS10",-0.029088502682446,0.328048596809817,-0.0787977581735417,10
"p100_g10_baseline3_main10",100,1000,10,"baseline3","groupWQS","GWQS2",-0.014480302789024,0.256387011616417,0.0327748716129981,10
"p100_g10_baseline3_main10",100,1000,10,"baseline3","groupWQS","GWQS3",-0.272133754533125,0.349176563357005,-0.334464803952198,10
"p100_g10_baseline3_main10",100,1000,10,"baseline3","groupWQS","GWQS4",0.0129109659559259,0.221863485368198,0.00485606062251542,10
"p100_g10_baseline3_main10",100,1000,10,"baseline3","groupWQS","GWQS5",-0.0461681508633555,0.316800772566914,-0.0563070953150708,10
"p100_g10_baseline3_main10",100,1000,10,"baseline3","groupWQS","GWQS6",0.0184581684038121,0.238199987128572,0.0428761062313587,10
"p100_g10_baseline3_main10",100,1000,10,"baseline3","groupWQS","GWQS7",-0.0205586670929551,0.24420237778207,-0.00278600087364143,10
"p100_g10_baseline3_main10",100,1000,10,"baseline3","groupWQS","GWQS8",-0.111625353802896,0.27824697130901,-0.13165958799726,10
"p100_g10_baseline3_main10",100,1000,10,"baseline3","groupWQS","GWQS9",0.0467795937937443,0.174407626655691,0.068346293353793,10
"p100_g10_baseline3_main10",100,1000,10,"baseline3","qgcomp","Negative",-5.98003407294644,0.566300180515313,-5.95568574565557,10
"p100_g10_baseline3_main10",100,1000,10,"baseline3","qgcomp","Overall",0.0813417230228797,0.45030088753679,0.0457895909603176,10
"p100_g10_baseline3_main10",100,1000,10,"baseline3","qgcomp","Positive",6.06137579596932,0.474653974428192,6.13658610506746,10
"p100_g10_strong3_main10",100,1000,10,"strong3","SGL-WQS","Negative",-4.36914321171323,0.62489283197253,-4.39321497552539,10
"p100_g10_strong3_main10",100,1000,10,"strong3","SGL-WQS","Positive",4.56557996253577,0.701933945145425,4.55724724533149,10
"p100_g10_strong3_main10",100,1000,10,"strong3","gWQS","Negative",-0.367380020494201,1.24310120505641,-0.547829814505516,10
"p100_g10_strong3_main10",100,1000,10,"strong3","gWQS","Positive",0.459390284634215,1.16806076008823,0.644258413901229,10
"p100_g10_strong3_main10",100,1000,10,"strong3","groupWQS","GWQS1",0.405124973293294,0.246522229106421,0.389722649491487,10
"p100_g10_strong3_main10",100,1000,10,"strong3","groupWQS","GWQS10",-0.026691492880172,0.328416954826005,-0.0721026166309522,10
"p100_g10_strong3_main10",100,1000,10,"strong3","groupWQS","GWQS2",-0.0434971956618211,0.255622959856892,0.0106572158273388,10
"p100_g10_strong3_main10",100,1000,10,"strong3","groupWQS","GWQS3",-0.39094142505343,0.344861597078013,-0.443926103540629,10
"p100_g10_strong3_main10",100,1000,10,"strong3","groupWQS","GWQS4",0.0152062269995295,0.2218963749165,0.017889833584188,10
"p100_g10_strong3_main10",100,1000,10,"strong3","groupWQS","GWQS5",-0.052531167813414,0.316547873344628,-0.0606931624510952,10
"p100_g10_strong3_main10",100,1000,10,"strong3","groupWQS","GWQS6",0.0165108652170379,0.245140772668075,0.04475442969471,10
"p100_g10_strong3_main10",100,1000,10,"strong3","groupWQS","GWQS7",-0.0198414616352997,0.245211628844959,-0.0152257934478451,10
"p100_g10_strong3_main10",100,1000,10,"strong3","groupWQS","GWQS8",-0.108736176384194,0.280593893562774,-0.136983115766701,10
"p100_g10_strong3_main10",100,1000,10,"strong3","groupWQS","GWQS9",0.0427425803838418,0.179992504147783,0.0613297010010962,10
"p100_g10_strong3_main10",100,1000,10,"strong3","qgcomp","Negative",-6.10784197297022,0.564139526643422,-6.08754834515768,10
"p100_g10_strong3_main10",100,1000,10,"strong3","qgcomp","Overall",0.0981717204985901,0.451928734937217,0.057628741216397,10
"p100_g10_strong3_main10",100,1000,10,"strong3","qgcomp","Positive",6.20601369346881,0.456609181208065,6.26725795165825,10
"p100_g10_weak3_main10",100,1000,10,"weak3","SGL-WQS","Negative",-4.19833473213645,0.629656190722352,-4.24942215879369,10
"p100_g10_weak3_main10",100,1000,10,"weak3","SGL-WQS","Positive",4.37619839549985,0.698894168848329,4.37779447182557,10
"p100_g10_weak3_main10",100,1000,10,"weak3","gWQS","Negative",0.588088763632145,1.10489393888384,0.441479897229728,10
"p100_g10_weak3_main10",100,1000,10,"weak3","gWQS","Positive",-0.484766651876376,1.00450999844661,-0.337688779477634,10
"p100_g10_weak3_main10",100,1000,10,"weak3","groupWQS","GWQS1",0.158959105882063,0.242252122625265,0.155697879144496,10
"p100_g10_weak3_main10",100,1000,10,"weak3","groupWQS","GWQS10",-0.0297539146087578,0.328205631967167,-0.0828105500000144,10
"p100_g10_weak3_main10",100,1000,10,"weak3","groupWQS","GWQS2",-0.000627815181495223,0.261484990375269,0.0446013668562641,10
"p100_g10_weak3_main10",100,1000,10,"weak3","groupWQS","GWQS3",-0.188045697069446,0.334821392215475,-0.258313624574992,10
"p100_g10_weak3_main10",100,1000,10,"weak3","groupWQS","GWQS4",0.0114900682731613,0.222167258962411,-0.00293297967270754,10
"p100_g10_weak3_main10",100,1000,10,"weak3","groupWQS","GWQS5",-0.0446985256569038,0.319084905587522,-0.0571470260668588,10
"p100_g10_weak3_main10",100,1000,10,"weak3","groupWQS","GWQS6",0.0180562955746452,0.233422523134674,0.0370756109853034,10
"p100_g10_weak3_main10",100,1000,10,"weak3","groupWQS","GWQS7",-0.0218599956540971,0.244815418331105,0.00379285882430138,10
"p100_g10_weak3_main10",100,1000,10,"weak3","groupWQS","GWQS8",-0.11284556597384,0.276440848748858,-0.124902535803822,10
"p100_g10_weak3_main10",100,1000,10,"weak3","groupWQS","GWQS9",0.049878768256534,0.170634931705697,0.073645680616796,10
"p100_g10_weak3_main10",100,1000,10,"weak3","qgcomp","Negative",-5.91464402705135,0.570322397941455,-5.89704641004679,10
"p100_g10_weak3_main10",100,1000,10,"weak3","qgcomp","Overall",0.0701217247057397,0.449287322130876,0.0378968241229329,10
"p100_g10_weak3_main10",100,1000,10,"weak3","qgcomp","Positive",5.98476575175709,0.483642746430102,6.05487319132244,10
"p100_g20_baseline3_main10",100,1000,20,"baseline3","SGL-WQS","Negative",-3.61275153295884,0.688121352219274,-3.57950792951944,10
"p100_g20_baseline3_main10",100,1000,20,"baseline3","SGL-WQS","Positive",3.57687605213672,0.675705957994644,3.71205012293024,10
"p100_g20_baseline3_main10",100,1000,20,"baseline3","gWQS","Negative",0.0813833216663253,1.31178264647563,0.169483455567559,10
"p100_g20_baseline3_main10",100,1000,20,"baseline3","gWQS","Positive",0.281474811855358,1.39341862459619,0.283437919394787,10
"p100_g20_baseline3_main10",100,1000,20,"baseline3","groupWQS","GWQS1",0.191401359276522,0.188769194095889,0.168255781242586,10
"p100_g20_baseline3_main10",100,1000,20,"baseline3","groupWQS","GWQS10",0.00449661887611018,0.293977156925766,0.0321321233349906,10
"p100_g20_baseline3_main10",100,1000,20,"baseline3","groupWQS","GWQS11",0.0575111041023177,0.237565959194694,0.051898276254517,10
"p100_g20_baseline3_main10",100,1000,20,"baseline3","groupWQS","GWQS12",-0.0418647565004779,0.166530798419322,-0.0811399750134606,10
"p100_g20_baseline3_main10",100,1000,20,"baseline3","groupWQS","GWQS13",0.108219627838194,0.207790318292042,0.117559361557795,10
"p100_g20_baseline3_main10",100,1000,20,"baseline3","groupWQS","GWQS14",0.105437849788157,0.201355860946392,0.113313639550887,10
"p100_g20_baseline3_main10",100,1000,20,"baseline3","groupWQS","GWQS15",-0.102352399668908,0.226267341013851,-0.154231600473266,10
"p100_g20_baseline3_main10",100,1000,20,"baseline3","groupWQS","GWQS16",0.0190919161019606,0.182910036734436,-0.0306212641833676,10
"p100_g20_baseline3_main10",100,1000,20,"baseline3","groupWQS","GWQS17",-0.102061495849499,0.137994627878979,-0.096870509501737,10
"p100_g20_baseline3_main10",100,1000,20,"baseline3","groupWQS","GWQS18",-0.08770894413253,0.196077148510981,-0.0578123059085326,10
"p100_g20_baseline3_main10",100,1000,20,"baseline3","groupWQS","GWQS19",-0.0418270438287947,0.177389496976331,-0.00960049617186942,10
"p100_g20_baseline3_main10",100,1000,20,"baseline3","groupWQS","GWQS2",-0.0703528400127196,0.255935638761198,-0.0285877839229153,10
"p100_g20_baseline3_main10",100,1000,20,"baseline3","groupWQS","GWQS20",0.0630188215521715,0.259152163884637,0.0948010928735287,10
"p100_g20_baseline3_main10",100,1000,20,"baseline3","groupWQS","GWQS3",-0.146443250144575,0.252542942030238,-0.236279635905818,10
"p100_g20_baseline3_main10",100,1000,20,"baseline3","groupWQS","GWQS4",0.117214057786927,0.231269574767561,0.0473297724252713,10
"p100_g20_baseline3_main10",100,1000,20,"baseline3","groupWQS","GWQS5",0.0522576246300573,0.266717320423984,0.0253985584219935,10
"p100_g20_baseline3_main10",100,1000,20,"baseline3","groupWQS","GWQS6",-0.0691100171571857,0.217343032897301,0.000975274148033185,10
"p100_g20_baseline3_main10",100,1000,20,"baseline3","groupWQS","GWQS7",0.114120999648484,0.248435620994841,0.0810771137242188,10
"p100_g20_baseline3_main10",100,1000,20,"baseline3","groupWQS","GWQS8",0.0359417956459015,0.106782796507632,0.0396290273790236,10
"p100_g20_baseline3_main10",100,1000,20,"baseline3","groupWQS","GWQS9",0.0467581040299614,0.349927579809272,0.101489236939961,10
"p100_g20_baseline3_main10",100,1000,20,"baseline3","qgcomp","Negative",-5.65279206744145,0.494642470946551,-5.69170961266089,10
"p100_g20_baseline3_main10",100,1000,20,"baseline3","qgcomp","Overall",0.129430255959782,0.460060071083201,0.160090707979551,10
"p100_g20_baseline3_main10",100,1000,20,"baseline3","qgcomp","Positive",5.78222232340123,0.665186221941781,5.72424864832666,10
"p100_g20_strong3_orth5",100,1000,20,"strong3","SGL-WQS","Negative",-3.49828772423328,0.80132211952511,-3.23725349266469,5
"p100_g20_strong3_orth5",100,1000,20,"strong3","SGL-WQS","Positive",3.41540783568478,0.750333628339373,3.28641685785851,5
"p100_g20_strong3_orth5",100,1000,20,"strong3","gWQS","Negative",0.176842485908784,1.27602363555949,0.911528813020355,5
"p100_g20_strong3_orth5",100,1000,20,"strong3","gWQS","Positive",0.0524671872107593,1.26663778266488,-0.043757440409928,5
"p100_g20_strong3_orth5",100,1000,20,"strong3","groupWQS","GWQS1",0.321573414058565,0.173604520495921,0.355819548130491,5
"p100_g20_strong3_orth5",100,1000,20,"strong3","groupWQS","GWQS10",-0.0659286239368748,0.342578109579265,0.0211489217438757,5
"p100_g20_strong3_orth5",100,1000,20,"strong3","groupWQS","GWQS11",0.142906169084938,0.295108765448798,0.33743537823426,5
"p100_g20_strong3_orth5",100,1000,20,"strong3","groupWQS","GWQS12",-0.0442396923286122,0.173629515780326,-0.00166028037507604,5
"p100_g20_strong3_orth5",100,1000,20,"strong3","groupWQS","GWQS13",0.242585951503488,0.114447778737118,0.279024661438181,5
"p100_g20_strong3_orth5",100,1000,20,"strong3","groupWQS","GWQS14",0.0148888308052999,0.10778250503448,-0.0450359297308225,5
"p100_g20_strong3_orth5",100,1000,20,"strong3","groupWQS","GWQS15",-0.147390283637059,0.11470640646163,-0.132415178527099,5
"p100_g20_strong3_orth5",100,1000,20,"strong3","groupWQS","GWQS16",0.0703958455525232,0.170629834512491,-0.0269662387564676,5
"p100_g20_strong3_orth5",100,1000,20,"strong3","groupWQS","GWQS17",-0.0336942869395625,0.0787739601259666,-0.0481997992462762,5
"p100_g20_strong3_orth5",100,1000,20,"strong3","groupWQS","GWQS18",-0.136919206982635,0.159395188642817,-0.0784565770790937,5
"p100_g20_strong3_orth5",100,1000,20,"strong3","groupWQS","GWQS19",0.0101636960636131,0.132389726142166,0.0376544640788359,5
"p100_g20_strong3_orth5",100,1000,20,"strong3","groupWQS","GWQS2",-0.138957292683478,0.338526342872719,-0.0752270976674973,5
"p100_g20_strong3_orth5",100,1000,20,"strong3","groupWQS","GWQS20",0.0704106036444144,0.185827132133714,0.171632042867589,5
"p100_g20_strong3_orth5",100,1000,20,"strong3","groupWQS","GWQS3",-0.28413249137215,0.285277607475719,-0.388407976241078,5
"p100_g20_strong3_orth5",100,1000,20,"strong3","groupWQS","GWQS4",0.104233650467911,0.238383909109089,0.0709438088541787,5
"p100_g20_strong3_orth5",100,1000,20,"strong3","groupWQS","GWQS5",-0.0119640476790917,0.254845979163723,-0.128826765690422,5
"p100_g20_strong3_orth5",100,1000,20,"strong3","groupWQS","GWQS6",-0.132168234386929,0.289350274304484,-0.015035844991946,5
"p100_g20_strong3_orth5",100,1000,20,"strong3","groupWQS","GWQS7",0.0814110437601465,0.327831841772177,0.0278111168045137,5
"p100_g20_strong3_orth5",100,1000,20,"strong3","groupWQS","GWQS8",0.0582572159928562,0.0801548412286082,0.0360083058738606,5
"p100_g20_strong3_orth5",100,1000,20,"strong3","groupWQS","GWQS9",-0.0472591366058763,0.33473569597796,0.0325799042661454,5
"p100_g20_strong3_orth5",100,1000,20,"strong3","qgcomp","Negative",-5.52502473061149,0.380814133151842,-5.27393333313501,5
"p100_g20_strong3_orth5",100,1000,20,"strong3","qgcomp","Overall",-0.0507374115680872,0.481102870780094,0.0342487921613254,5
"p100_g20_strong3_orth5",100,1000,20,"strong3","qgcomp","Positive",5.47428731904341,0.33579174003077,5.42980030685974,5
"p100_g20_weak3_orth5",100,1000,20,"weak3","SGL-WQS","Negative",-3.28218482030306,0.906152700290906,-2.91669395098246,5
"p100_g20_weak3_orth5",100,1000,20,"weak3","SGL-WQS","Positive",3.19630202910416,0.82771401489826,2.91791886775569,5
"p100_g20_weak3_orth5",100,1000,20,"weak3","gWQS","Negative",0.710065075957086,1.35692651177093,1.33632351864552,5
"p100_g20_weak3_orth5",100,1000,20,"weak3","gWQS","Positive",-0.486082844735292,1.27120603417805,-0.91224081329044,5
"p100_g20_weak3_orth5",100,1000,20,"weak3","groupWQS","GWQS1",0.136816137817697,0.2374649480343,0.218946022475297,5
"p100_g20_weak3_orth5",100,1000,20,"weak3","groupWQS","GWQS10",-0.0733609585574241,0.336727719225475,1.92079228572209e-05,5
"p100_g20_weak3_orth5",100,1000,20,"weak3","groupWQS","GWQS11",0.137454903827782,0.287021795019101,0.33210038574404,5
"p100_g20_weak3_orth5",100,1000,20,"weak3","groupWQS","GWQS12",-0.054727011599125,0.1584354162782,-0.0348988713408456,5
"p100_g20_weak3_orth5",100,1000,20,"weak3","groupWQS","GWQS13",0.244855449353945,0.116802296783798,0.278144834064275,5
"p100_g20_weak3_orth5",100,1000,20,"weak3","groupWQS","GWQS14",0.0210902934277065,0.119918519448488,-0.0511154176888778,5
"p100_g20_weak3_orth5",100,1000,20,"weak3","groupWQS","GWQS15",-0.16125702494412,0.112458322866639,-0.119075538701279,5
"p100_g20_weak3_orth5",100,1000,20,"weak3","groupWQS","GWQS16",0.0818508857300925,0.17741516189092,-0.0132154709198103,5
"p100_g20_weak3_orth5",100,1000,20,"weak3","groupWQS","GWQS17",-0.0334643281832127,0.0813636866121827,-0.0478423866573054,5
"p100_g20_weak3_orth5",100,1000,20,"weak3","groupWQS","GWQS18",-0.139423961562006,0.167074177072046,-0.0655515809944189,5
"p100_g20_weak3_orth5",100,1000,20,"weak3","groupWQS","GWQS19",0.0139814249871326,0.138827822650563,0.0574397007333301,5
"p100_g20_weak3_orth5",100,1000,20,"weak3","groupWQS","GWQS2",-0.116049807885357,0.346774513733896,-0.022920483668623,5
"p100_g20_weak3_orth5",100,1000,20,"weak3","groupWQS","GWQS20",0.057510497902595,0.177995634941397,0.145101069805698,5
"p100_g20_weak3_orth5",100,1000,20,"weak3","groupWQS","GWQS3",-0.0828746400979299,0.255279365100839,-0.174133374193211,5
"p100_g20_weak3_orth5",100,1000,20,"weak3","groupWQS","GWQS4",0.100027409983401,0.237627846086481,0.0698188873234837,5
"p100_g20_weak3_orth5",100,1000,20,"weak3","groupWQS","GWQS5",-0.0225684709492089,0.254755589652572,-0.144430065738268,5
"p100_g20_weak3_orth5",100,1000,20,"weak3","groupWQS","GWQS6",-0.146887305201745,0.290912376343916,-0.0224294376698046,5
"p100_g20_weak3_orth5",100,1000,20,"weak3","groupWQS","GWQS7",0.0806601853995804,0.335905540552933,0.0278964613478438,5
"p100_g20_weak3_orth5",100,1000,20,"weak3","groupWQS","GWQS8",0.0680821936203049,0.0891293679970162,0.0571958156445383,5
"p100_g20_weak3_orth5",100,1000,20,"weak3","groupWQS","GWQS9",-0.0447553466018569,0.349173767934991,0.0417322390395449,5
"p100_g20_weak3_orth5",100,1000,20,"weak3","qgcomp","Negative",-5.40285073030093,0.52843946472751,-5.11671261693755,5
"p100_g20_weak3_orth5",100,1000,20,"weak3","qgcomp","Overall",-0.0675034822717294,0.491862072170778,0.036431345695828,5
"p100_g20_weak3_orth5",100,1000,20,"weak3","qgcomp","Positive",5.3353472480292,0.346386704207996,5.16345874764402,5
