true_ratio,threshold,seed,ok,error,error_class,fitted_ratio,fitted_minor_direction,excluded_minor,pos_estimate,pos_pvalue,neg_estimate,neg_pvalue,contrast_estimate,true_contrast
0.05,0,71,TRUE,NA,NA,7.858594318952399e-4,negative,FALSE,0.3313335639056914,2.0195997393065625e-5,0.028809221595313857,0.6342692564370538,0.12931890112390484,0.475
0.05,0,42,TRUE,NA,NA,1.6291479268488405e-4,negative,FALSE,0.3005898446320738,3.825699961977435e-4,0.11987808376414104,0.05584705569857206,0.11812955358871828,0.475
0.05,0,123,TRUE,NA,NA,6.984848282413183e-5,negative,FALSE,0.4387895640915259,3.4050600819455037e-9,-0.026843488062585828,0.6632218262408008,0.16697805532243432,0.475
0.05,0,256,TRUE,NA,NA,4.934965788223262e-6,negative,FALSE,0.34006091018275175,1.1134124147211141e-5,0.08317861480957027,0.17334166101410542,0.1521587178019187,0.475
0.05,0,314,TRUE,NA,NA,1.3655021441155626e-4,negative,FALSE,0.5267915127651992,7.297715509441537e-11,-0.10185219245836283,0.08145452339483301,0.17997112970182008,0.475
0.05,0,500,TRUE,NA,NA,0,negative,FALSE,0.42102647753559036,1.8650859464071313e-9,NA,NA,0.19830590803894904,0.475
0.05,0,617,TRUE,NA,NA,0,negative,FALSE,0.42110890416076807,3.9578898669770436e-10,NA,NA,0.19465786728254145,0.475
0.05,0,789,TRUE,NA,NA,9.17844645485411e-6,negative,FALSE,0.45865300428035527,3.851231520927618e-8,0.06521694465035324,0.2988301558959461,0.2174323969003528,0.475
0.05,0,888,TRUE,NA,NA,0,negative,FALSE,0.45085872458563725,2.8106549123856588e-12,NA,NA,0.20249634667943475,0.475
0.05,0,999,TRUE,NA,NA,7.95163779698361e-7,negative,FALSE,0.3962522132128545,6.397733840493322e-8,0.003469469602840475,0.9507267165223738,0.15635087647936258,0.475
0.05,0,1001,TRUE,NA,NA,4.233008583189185e-5,negative,FALSE,0.30652310822024165,1.8231051511768164e-4,0.04705674326867217,0.4329656908285364,0.10871974160674813,0.475
0.05,0,1123,TRUE,NA,NA,5.07374290532328e-6,negative,FALSE,0.4366325061167818,1.4628626410627833e-8,0.06773589145775502,0.2206484729892234,0.16129897141559502,0.475
0.05,0,1234,TRUE,NA,NA,0,negative,FALSE,0.2923874716020856,1.8309447543052515e-6,NA,NA,0.11884412180227999,0.475
0.05,0,1357,TRUE,NA,NA,1.1606803606648865e-5,negative,FALSE,0.4377911287935,9.662867173663271e-8,-0.04514439761666342,0.445529932948715,0.17883631250029774,0.475
0.05,0,1500,TRUE,NA,NA,0,negative,FALSE,0.39938220185582696,1.3634203257611358e-8,NA,NA,0.12081885883745454,0.475
0.05,0,1618,TRUE,NA,NA,8.495069267121866e-5,negative,FALSE,0.39729747135089155,2.5995690538608882e-8,0.003395527577087616,0.9513572739873202,0.1357609193776288,0.475
0.05,0,1729,TRUE,NA,NA,2.535343262780914e-4,negative,FALSE,0.5170360320061284,3.034357431026423e-9,-0.0049609898843163795,0.9327517697122356,0.17869113536709974,0.475
0.05,0,1847,TRUE,NA,NA,1.0185321473496744e-4,negative,FALSE,0.5761658683686756,5.8058639207598404e-11,-0.06968975863634529,0.2405587980271219,0.26617086288885217,0.475
0.05,0,1963,TRUE,NA,NA,1.9134223994815339e-4,negative,FALSE,0.41544670556472263,7.621352301766426e-7,0.03372285822446497,0.5821018408150498,0.1663796353439343,0.475
0.05,0,2048,TRUE,NA,NA,1.2498405611371682e-5,negative,FALSE,0.46027473275925385,4.8758126704678364e-9,-0.01252647166640182,0.8258078245003284,0.22793966186098283,0.475
0.05,0,2222,TRUE,NA,NA,1.7035948672602737e-4,negative,FALSE,0.3790574434363505,1.2407070864935088e-6,-0.0402142392810377,0.5630792845505355,0.2127062993818974,0.475
0.05,0,2345,TRUE,NA,NA,2.4844600924033385e-5,negative,FALSE,0.3873801672465717,6.3026131253803784e-6,0.1192691398925119,0.08252884120545968,0.1160614644861741,0.475
0.05,0,2500,TRUE,NA,NA,0,negative,FALSE,0.4638505665874329,3.9641225739684534e-12,NA,NA,0.1590125679518693,0.475
0.05,0,2718,TRUE,NA,NA,0.12124008503990258,negative,FALSE,0.33804774874371146,6.395931261410097e-6,0.1221420068401069,0.0537586492033023,0.14642698336457724,0.475
0.05,0,2801,TRUE,NA,NA,1.2585279907684733e-4,negative,FALSE,0.45809884488103503,8.116679032219404e-8,0.007308977059400575,0.9070677008842004,0.19685467238472887,0.475
0.05,0,3001,TRUE,NA,NA,1.878425945226528e-4,negative,FALSE,0.5574268324757187,1.931611366998505e-11,-0.06688715575884026,0.2563930263606144,0.27232626595824044,0.475
0.05,0,3141,TRUE,NA,NA,2.589268089840261e-4,negative,FALSE,0.32194017458692437,4.927653603762045e-5,0.17442803292413223,0.008482565960438091,0.14728142743110517,0.475
0.05,0,3333,TRUE,NA,NA,3.6996318592945007e-4,negative,FALSE,0.4369694372764038,1.9870274133589893e-7,0.027385218266360777,0.693167804117247,0.16491147163158887,0.475
0.05,0,3500,TRUE,NA,NA,4.018759222253548e-6,negative,FALSE,0.36702557759920806,2.722668143573762e-6,0.0324276479382644,0.5608652654396732,0.16770538157953965,0.475
0.05,0,3777,TRUE,NA,NA,1.587646336260987e-4,negative,FALSE,0.2876923721323888,0.001041918547517469,-0.012445887227708773,0.8438953294224412,0.12134987919222393,0.475
0.05,0.1,71,TRUE,NA,NA,1.5431706599108202e-4,negative,TRUE,0.4584377057367776,5.558927633923494e-12,NA,NA,0.15230312553626918,0.475
0.05,0.1,42,TRUE,NA,NA,3.982198587614042e-5,negative,TRUE,0.43646939766301973,5.926790960927143e-10,NA,NA,0.17483749511000524,0.475
0.05,0.1,123,TRUE,NA,NA,5.417871721109775e-6,negative,TRUE,0.403292089540131,3.219483894537699e-10,NA,NA,0.15715867845235157,0.475
0.05,0.1,256,TRUE,NA,NA,2.8494231387221896e-4,negative,TRUE,0.4140615126389706,1.2581248708730463e-9,NA,NA,0.17996243651923516,0.475
0.05,0.1,314,TRUE,NA,NA,0,negative,TRUE,0.40395837687109926,3.0260500375257163e-8,NA,NA,0.14402908315250817,0.475
0.05,0.1,500,TRUE,NA,NA,0,negative,TRUE,0.5133143297979357,4.419797017283651e-14,NA,NA,0.19427499189126218,0.475
0.05,0.1,617,TRUE,NA,NA,3.0336588819040982e-5,negative,TRUE,0.3655969708126693,6.519392465943459e-8,NA,NA,0.1820541666549901,0.475
0.05,0.1,789,TRUE,NA,NA,0,negative,TRUE,0.4778225830898875,1.1697322476543922e-11,NA,NA,0.2393749428086211,0.475
0.05,0.1,888,TRUE,NA,NA,0,negative,TRUE,0.5154938428789126,5.614064053113187e-16,NA,NA,0.23598275628634174,0.475
0.05,0.1,999,TRUE,NA,NA,0,negative,TRUE,0.3945527600364838,1.4254068096446417e-10,NA,NA,0.1581230462721565,0.475
0.05,0.1,1001,TRUE,NA,NA,8.354706390143334e-6,negative,TRUE,0.39614234897119527,1.8799515158968197e-7,NA,NA,0.13455840790616522,0.475
0.05,0.1,1123,TRUE,NA,NA,2.3092489289602765e-4,negative,TRUE,0.49184201957793905,9.942243255268978e-16,NA,NA,0.18025407166635707,0.475
0.05,0.1,1234,TRUE,NA,NA,5.254892456418414e-4,negative,TRUE,0.42752944796254,8.106931974854896e-11,NA,NA,0.1396882223430903,0.475
0.05,0.1,1357,TRUE,NA,NA,0,negative,TRUE,0.3553368303688914,2.319409016395411e-7,NA,NA,0.14090346023440184,0.475
0.05,0.1,1500,TRUE,NA,NA,3.474538761693678e-4,negative,TRUE,0.2825405221897366,6.3469238863052256e-6,NA,NA,0.12487256449663652,0.475
0.05,0.1,1618,TRUE,NA,NA,1.2279824638613614e-5,negative,TRUE,0.4377410717577983,2.5599337431050313e-12,NA,NA,0.14053218330422,0.475
0.05,0.1,1729,TRUE,NA,NA,0.1109989217404976,negative,FALSE,0.36389729538980997,6.789097905438061e-6,0.0704887451376762,0.2195116142509255,0.18070164390648197,0.475
0.05,0.1,1847,TRUE,NA,NA,3.9230346248084533e-4,negative,TRUE,0.4372688041096398,1.0507958366506591e-11,NA,NA,0.21629535411687625,0.475
0.05,0.1,1963,TRUE,NA,NA,0,negative,TRUE,0.3088939895971618,6.556599889325772e-7,NA,NA,0.1439972024176036,0.475
0.05,0.1,2048,TRUE,NA,NA,3.9761601452331543e-5,negative,TRUE,0.44521340489447997,3.925247571729677e-12,NA,NA,0.2004701442885321,0.475
0.05,0.1,2222,TRUE,NA,NA,0.05968197689291678,negative,TRUE,0.487202604963291,1.9100089880628948e-14,NA,NA,0.24784559631205372,0.475
0.05,0.1,2345,TRUE,NA,NA,0,negative,TRUE,0.374154508080633,6.58824948555044e-8,NA,NA,0.13149299317107482,0.475
0.05,0.1,2500,TRUE,NA,NA,0,negative,TRUE,0.46077626815127276,9.114830115955089e-12,NA,NA,0.15608467163422807,0.475
0.05,0.1,2718,TRUE,NA,NA,9.226327769875366e-5,negative,TRUE,0.3881839523922466,2.096749853855306e-10,NA,NA,0.15411187680264024,0.475
0.05,0.1,2801,TRUE,NA,NA,1.675033725142637e-5,negative,TRUE,0.4035538085187903,4.234257601646772e-10,NA,NA,0.17797120491808843,0.475
0.05,0.1,3001,TRUE,NA,NA,1.757121026237141e-4,negative,TRUE,0.4231184571211251,1.1345197925264434e-10,NA,NA,0.21277233103852566,0.475
0.05,0.1,3141,TRUE,NA,NA,0,negative,TRUE,0.5557337369516699,2.923382236715401e-15,NA,NA,0.2342592453647203,0.475
0.05,0.1,3333,TRUE,NA,NA,2.0156417390882386e-4,negative,TRUE,0.3483076158425282,1.0088621795399741e-07,NA,NA,0.1494652463560495,0.475
0.05,0.1,3500,TRUE,NA,NA,9.8503701478529e-6,negative,TRUE,0.44554209461795913,4.003802949666524e-9,NA,NA,0.18420134371988833,0.475
0.05,0.1,3777,TRUE,NA,NA,0,negative,TRUE,0.38063386940873745,1.2779084860160064e-8,NA,NA,0.13408370810967238,0.475
0.05,0.25,71,TRUE,NA,NA,8.454420821093648e-5,negative,TRUE,0.44716510195088416,2.4455868447226108e-11,NA,NA,0.14927610966715005,0.475
0.05,0.25,42,TRUE,NA,NA,0,negative,TRUE,0.3726990727222286,2.4294798489257853e-8,NA,NA,0.15581302584228585,0.475
0.05,0.25,123,TRUE,NA,NA,2.5388719886907286e-5,negative,TRUE,0.397880626804303,2.243909503179097e-8,NA,NA,0.15901238787129135,0.475
0.05,0.25,256,TRUE,NA,NA,0.12441218696087877,negative,TRUE,0.4093054050318585,3.207677858119574e-10,NA,NA,0.21012914520392953,0.475
0.05,0.25,314,TRUE,NA,NA,0,negative,TRUE,0.39909279609548726,6.6493671371375765e-9,NA,NA,0.13912000667548427,0.475
0.05,0.25,500,TRUE,NA,NA,0,negative,TRUE,0.5003651248222991,7.827043244497113e-13,NA,NA,0.20725362860704732,0.475
0.05,0.25,617,TRUE,NA,NA,0,negative,TRUE,0.43640028332953934,2.7169969254358852e-11,NA,NA,0.18700630531696044,0.475
0.05,0.25,789,TRUE,NA,NA,0,negative,TRUE,0.5298139835009633,6.385052078765453e-16,NA,NA,0.2432574754581224,0.475
0.05,0.25,888,TRUE,NA,NA,0,negative,TRUE,0.43634119731732945,5.7122560062841645e-12,NA,NA,0.20501236875981801,0.475
0.05,0.25,999,TRUE,NA,NA,3.4061707523654327e-4,negative,TRUE,0.40600050912494134,1.0214037622264303e-10,NA,NA,0.15114169193270002,0.475
0.05,0.25,1001,TRUE,NA,NA,0,negative,TRUE,0.4123841341225939,7.583539742261424e-11,NA,NA,0.1329851161568461,0.475
0.05,0.25,1123,TRUE,NA,NA,0,negative,TRUE,0.43736056147782243,1.2012951403520192e-12,NA,NA,0.1842620390793148,0.475
0.05,0.25,1234,TRUE,NA,NA,0,negative,TRUE,0.3706943913459089,5.73397954952755e-8,NA,NA,0.12489899687506717,0.475
0.05,0.25,1357,TRUE,NA,NA,1.0173896726275358e-5,negative,TRUE,0.43221824629295746,2.1824897532155844e-11,NA,NA,0.16672206184544727,0.475
0.05,0.25,1500,TRUE,NA,NA,4.673748699016623e-5,negative,TRUE,0.3937747672103663,7.808114123625376e-9,NA,NA,0.15282177970574626,0.475
0.05,0.25,1618,TRUE,NA,NA,3.894966898278142e-4,negative,TRUE,0.3789034565969909,1.7105340002173858e-10,NA,NA,0.1297741964959807,0.475
0.05,0.25,1729,TRUE,NA,NA,8.146791764891116e-4,negative,TRUE,0.4514926064402795,1.97682375847524e-11,NA,NA,0.17118793116504213,0.475
0.05,0.25,1847,TRUE,NA,NA,1.8728753868926725e-4,negative,TRUE,0.4574873872484401,2.4479742405245154e-12,NA,NA,0.2128814969564465,0.475
0.05,0.25,1963,TRUE,NA,NA,6.44309740225589e-5,negative,TRUE,0.46038389450846495,2.3320020251683685e-11,NA,NA,0.17853383043199636,0.475
0.05,0.25,2048,TRUE,NA,NA,2.1332150877903145e-4,negative,TRUE,0.45596173592327116,5.393553155059096e-13,NA,NA,0.2216217194750482,0.475
0.05,0.25,2222,TRUE,NA,NA,0.002071528525661262,negative,TRUE,0.5027984860401077,9.522204172742243e-16,NA,NA,0.23663653284486885,0.475
0.05,0.25,2345,TRUE,NA,NA,9.740968643393759e-5,negative,TRUE,0.44424654945364345,3.556775757470724e-11,NA,NA,0.14036918768778722,0.475
0.05,0.25,2500,TRUE,NA,NA,0,negative,TRUE,0.3595172794557143,8.584033854859576e-9,NA,NA,0.15166959323259419,0.475
0.05,0.25,2718,TRUE,NA,NA,2.9957908350187034e-5,negative,TRUE,0.3795598018800111,8.967512884724157e-10,NA,NA,0.15314080184953227,0.475
0.05,0.25,2801,TRUE,NA,NA,0,negative,TRUE,0.4590649782299748,2.2590565039967977e-11,NA,NA,0.17735793555957943,0.475
0.05,0.25,3001,TRUE,NA,NA,0.09031920723194094,negative,TRUE,0.5251678631219299,1.182438709513205e-13,NA,NA,0.27882625373696945,0.475
0.05,0.25,3141,TRUE,NA,NA,7.875441480897456e-5,negative,TRUE,0.5901861603673961,5.21965678201616e-19,NA,NA,0.2288335300449551,0.475
0.05,0.25,3333,TRUE,NA,NA,7.799966496762463e-5,negative,TRUE,0.409681412614406,3.435785265510829e-10,NA,NA,0.15869641503131865,0.475
0.05,0.25,3500,TRUE,NA,NA,0,negative,TRUE,0.39341956417902696,4.924921577084887e-9,NA,NA,0.16364023662683536,0.475
0.05,0.25,3777,TRUE,NA,NA,7.776765052527848e-5,negative,TRUE,0.3160508128393101,2.677293606826621e-6,NA,NA,0.1222636076030268,0.475
0.05,0.4,71,TRUE,NA,NA,2.991074989904208e-4,negative,TRUE,0.4550958577893526,7.154961013677324e-11,NA,NA,0.14409323539645827,0.475
0.05,0.4,42,TRUE,NA,NA,1.2512143070602377e-5,negative,TRUE,0.40089905386272995,7.334515096868801e-10,NA,NA,0.16148691860163397,0.475
0.05,0.4,123,TRUE,NA,NA,0,negative,TRUE,0.3723706604522546,2.334720449241703e-8,NA,NA,0.1631461931721409,0.475
0.05,0.4,256,TRUE,NA,NA,6.662736615484974e-5,negative,TRUE,0.38091779010527144,6.383751829100884e-8,NA,NA,0.18873036104563673,0.475
0.05,0.4,314,TRUE,NA,NA,1.7070319744091553e-4,negative,TRUE,0.44111231337839935,1.4075173552399146e-11,NA,NA,0.14857041838560614,0.475
0.05,0.4,500,TRUE,NA,NA,0,negative,TRUE,0.5190677535302687,1.0336919036020944e-14,NA,NA,0.2183443204958662,0.475
0.05,0.4,617,TRUE,NA,NA,0,negative,TRUE,0.514201982462483,7.308239250555066e-14,NA,NA,0.2000639853074741,0.475
0.05,0.4,789,TRUE,NA,NA,0,negative,TRUE,0.5249518440389005,6.300751400949972e-13,NA,NA,0.23213683379096445,0.475
0.05,0.4,888,TRUE,NA,NA,0,negative,TRUE,0.5456139157159712,8.339968900319163e-16,NA,NA,0.23256157268130734,0.475
0.05,0.4,999,TRUE,NA,NA,0,negative,TRUE,0.375149874375361,1.95926362307504e-8,NA,NA,0.14742865309080136,0.475
0.05,0.4,1001,TRUE,NA,NA,0,negative,TRUE,0.32765013479928246,4.676043486844725e-6,NA,NA,0.12207746507969058,0.475
0.05,0.4,1123,TRUE,NA,NA,0.0016420488599888817,negative,TRUE,0.4740087215829907,2.1765293711198887e-14,NA,NA,0.1781071526657585,0.475
0.05,0.4,1234,TRUE,NA,NA,4.3224402128701743e-4,negative,TRUE,0.3862349521696849,1.967612944296627e-9,NA,NA,0.13653248910515384,0.475
0.05,0.4,1357,TRUE,NA,NA,0,negative,TRUE,0.3696303327734609,3.50619676823068e-9,NA,NA,0.1491748079624737,0.475
0.05,0.4,1500,TRUE,NA,NA,4.2110087147838706e-4,negative,TRUE,0.41126181604103285,2.1749278038779718e-10,NA,NA,0.13983426730770301,0.475
0.05,0.4,1618,TRUE,NA,NA,0,negative,TRUE,0.43264604955895103,6.461017410526157e-11,NA,NA,0.15728717938717215,0.475
0.05,0.4,1729,TRUE,NA,NA,6.65075784061972e-5,negative,TRUE,0.49458271568049017,5.770546657483007e-15,NA,NA,0.15143814329239924,0.475
0.05,0.4,1847,TRUE,NA,NA,1.6026276329654927e-5,negative,TRUE,0.5047440190950694,1.322592574436493e-12,NA,NA,0.20844981189547956,0.475
0.05,0.4,1963,TRUE,NA,NA,2.9069866037624072e-6,negative,TRUE,0.46410122578836277,4.587732784379283e-13,NA,NA,0.17452513787927676,0.475
0.05,0.4,2048,TRUE,NA,NA,1.5067130811348904e-6,negative,TRUE,0.497585066379725,5.3120829087955676e-15,NA,NA,0.20654665608233788,0.475
0.05,0.4,2222,TRUE,NA,NA,0.009329658417897022,negative,TRUE,0.49083444269348037,6.095636495100604e-15,NA,NA,0.2382155034462762,0.475
0.05,0.4,2345,TRUE,NA,NA,2.311001822820516e-5,negative,TRUE,0.39673108117537004,1.663899842968265e-9,NA,NA,0.13985084412621276,0.475
0.05,0.4,2500,TRUE,NA,NA,0.03523552597148256,negative,TRUE,0.42655921667030033,4.1305967659878344e-10,NA,NA,0.17726968407499932,0.475
0.05,0.4,2718,TRUE,NA,NA,0,negative,TRUE,0.35664607640089285,4.119792630129851e-9,NA,NA,0.15222390261387567,0.475
0.05,0.4,2801,TRUE,NA,NA,0,negative,TRUE,0.42022221412769223,8.969550589616219e-10,NA,NA,0.16696323399259094,0.475
0.05,0.4,3001,TRUE,NA,NA,0.019896603946798232,negative,TRUE,0.438941255485209,1.2839842029191863e-11,NA,NA,0.2355123942486897,0.475
0.05,0.4,3141,TRUE,NA,NA,0.0010064150308004359,negative,TRUE,0.4989105036857653,6.822520673029287e-13,NA,NA,0.22728794878902692,0.475
0.05,0.4,3333,TRUE,NA,NA,0,negative,TRUE,0.5089646859502938,2.1220805326026686e-14,NA,NA,0.1541514980827633,0.475
0.05,0.4,3500,TRUE,NA,NA,5.577691561847052e-5,negative,TRUE,0.46798558490159864,5.401767191207629e-13,NA,NA,0.18293957978057404,0.475
0.05,0.4,3777,TRUE,NA,NA,5.591528521516192e-4,negative,TRUE,0.40727365923062364,1.6109903842545157e-9,NA,NA,0.14235693604402075,0.475
0.1,0,71,TRUE,NA,NA,0.0011403006412903326,negative,FALSE,0.31702298099954346,3.7858382850975724e-5,0.02302586328414125,0.702950302778361,0.11739427815990859,0.44999999999999996
0.1,0,42,TRUE,NA,NA,0.0869860255555414,negative,FALSE,0.27829055954110893,0.0010503574890326065,0.11949611648858578,0.07476116199681392,0.13082831723713229,0.44999999999999996
0.1,0,123,TRUE,NA,NA,2.2622176449405503e-4,negative,FALSE,0.419588835444915,4.6543752559286693e-8,-0.027024836383053794,0.6926473499344252,0.15158533507897332,0.44999999999999996
0.1,0,256,TRUE,NA,NA,3.276748184318187e-5,negative,FALSE,0.32795348074475866,1.8514823469091207e-5,0.07636334162526334,0.2103574330854827,0.13970418763332818,0.44999999999999996
0.1,0,314,TRUE,NA,NA,2.98392941388008e-4,negative,FALSE,0.5078042880345512,2.395218733307844e-10,-0.10790417338676427,0.06447563349330554,0.16464240196819224,0.44999999999999996
0.1,0,500,TRUE,NA,NA,0,negative,FALSE,0.39742532994312135,1.256255164320346e-8,NA,NA,0.17951672964849144,0.44999999999999996
0.1,0,617,TRUE,NA,NA,0,negative,FALSE,0.3985005014960392,2.3890534878276903e-9,NA,NA,0.1760699677357696,0.44999999999999996
0.1,0,789,TRUE,NA,NA,2.6136400905871606e-5,negative,FALSE,0.44164556876559385,1.0076427397754472e-7,0.059953678143938274,0.33851499037630806,0.2006907930786885,0.44999999999999996
0.1,0,888,TRUE,NA,NA,0,negative,FALSE,0.42962888537652566,2.3222364391904722e-11,NA,NA,0.18336388894912242,0.44999999999999996
0.1,0,999,TRUE,NA,NA,1.1631635529311754e-5,negative,FALSE,0.37888793182269087,2.169888254860989e-7,-0.0012577514870353288,0.9821289378733076,0.14172688123149674,0.44999999999999996
0.1,0,1001,TRUE,NA,NA,7.762866005705378e-5,negative,FALSE,0.28784671486701074,3.965931494364689e-4,0.04353633666178488,0.46715913329669057,0.09654964596816953,0.44999999999999996
0.1,0,1123,TRUE,NA,NA,3.730644241361441e-5,negative,FALSE,0.42079034470692167,3.7556972869557996e-8,0.059742156663876764,0.27888942840449404,0.14773028560590884,0.44999999999999996
0.1,0,1234,TRUE,NA,NA,0,negative,FALSE,0.2709918692642516,8.944285393506866e-6,NA,NA,0.1042790580157005,0.44999999999999996
0.1,0,1357,TRUE,NA,NA,2.6655090423817256e-5,negative,FALSE,0.4205390859445782,2.1598667996276561e-7,-0.0490339522411239,0.4058031864615075,0.16241110241479148,0.44999999999999996
0.1,0,1500,TRUE,NA,NA,0,negative,FALSE,0.37853832372969226,7.011869050393597e-8,NA,NA,0.10607205172495215,0.44999999999999996
0.1,0,1618,TRUE,NA,NA,1.6206441527312837e-4,negative,FALSE,0.3822854172321767,6.323196824053591e-8,-0.003475199548249543,0.9501140324588864,0.12279790732925797,0.44999999999999996
0.1,0,1729,TRUE,NA,NA,3.056889393163102e-4,negative,FALSE,0.4956608370961404,1.0886753160313632e-8,-0.005817087371219295,0.921078026717826,0.16023972961342675,0.44999999999999996
0.1,0,1847,TRUE,NA,NA,3.052764696735718e-4,negative,FALSE,0.5632127231142908,1.204579263752872e-10,-0.07863247442659305,0.1850176095897473,0.24890862940124434,0.44999999999999996
0.1,0,1963,TRUE,NA,NA,5.461568485611042e-5,negative,FALSE,0.4064230846585241,1.4514485162633595e-6,0.023931994703783772,0.696527475698683,0.14702822148163963,0.44999999999999996
0.1,0,2048,TRUE,NA,NA,5.979860772054436e-5,negative,FALSE,0.4540139991608234,4.090046572255352e-8,-0.029589306630613703,0.6495599950961648,0.21594436123710145,0.44999999999999996
0.1,0,2222,TRUE,NA,NA,3.402444554747899e-4,negative,FALSE,0.36380360957276353,2.594901763706186e-6,-0.04761918488396957,0.49300416071939224,0.19699312224305623,0.44999999999999996
0.1,0,2345,TRUE,NA,NA,9.825108298965338e-5,negative,FALSE,0.3713657685013768,5.3956974457672746e-5,0.11486873052082607,0.15852924375602206,0.10383991813444096,0.44999999999999996
0.1,0,2500,TRUE,NA,NA,0,negative,FALSE,0.44248640331171674,2.7608415193197217e-11,NA,NA,0.14230235220695905,0.44999999999999996
0.1,0,2718,TRUE,NA,NA,0.14565559036901568,negative,FALSE,0.32410676976617186,1.7435730611615622e-5,0.11477288347195023,0.07732956609143603,0.13670572905625344,0.44999999999999996
0.1,0,2801,TRUE,NA,NA,1.8585031043079632e-4,negative,FALSE,0.44098320833975824,2.153284763809244e-7,0.002870357490069623,0.9633886843035995,0.18017706542492593,0.44999999999999996
0.1,0,3001,TRUE,NA,NA,2.978735097480656e-4,negative,FALSE,0.5382342683728035,5.878510766085147e-11,-0.07002189545143665,0.23379031402375364,0.25185127501565896,0.44999999999999996
0.1,0,3141,TRUE,NA,NA,7.497348417266267e-4,negative,FALSE,0.32408533745879264,6.302863025425682e-5,0.14703259154653844,0.043351761401054116,0.14221180854637433,0.44999999999999996
0.1,0,3333,TRUE,NA,NA,7.752599906411033e-4,negative,FALSE,0.4268507269813396,4.0583331943188225e-7,0.015463338385025008,0.8267482717662268,0.15220173613330534,0.44999999999999996
0.1,0,3500,TRUE,NA,NA,3.9643830819708976e-5,negative,FALSE,0.3524305609482078,5.491221282691273e-6,0.02540643255418029,0.6477329045049616,0.15391100097528726,0.44999999999999996
0.1,0,3777,TRUE,NA,NA,2.589499132673491e-4,negative,FALSE,0.2723491387962524,0.001848829832632637,-0.019113090200097108,0.7621477126046757,0.1095940962567655,0.44999999999999996
0.1,0.1,71,TRUE,NA,NA,3.7597935692531436e-4,negative,TRUE,0.4394702187678069,2.8456460083325835e-11,NA,NA,0.1368144865418374,0.44999999999999996
0.1,0.1,42,TRUE,NA,NA,2.161096885400902e-5,negative,TRUE,0.4182577155868742,2.80989138573167e-9,NA,NA,0.1536172729210332,0.44999999999999996
0.1,0.1,123,TRUE,NA,NA,3.142603671701131e-5,negative,TRUE,0.3840466999591615,1.8326221396845491e-9,NA,NA,0.14157824454383944,0.44999999999999996
0.1,0.1,256,TRUE,NA,NA,3.755544301080219e-4,negative,TRUE,0.3954395757220783,5.086835233970985e-9,NA,NA,0.16345763375670408,0.44999999999999996
0.1,0.1,314,TRUE,NA,NA,2.0581177540040218e-6,negative,TRUE,0.3836106074231254,1.3836471217506646e-7,NA,NA,0.13006707822040897,0.44999999999999996
0.1,0.1,500,TRUE,NA,NA,0,negative,TRUE,0.4901647665786574,4.44074109212076e-13,NA,NA,0.1746641407219682,0.44999999999999996
0.1,0.1,617,TRUE,NA,NA,1.0819891295937826e-4,negative,TRUE,0.34594343447988646,2.858991195929494e-7,NA,NA,0.16544768977433644,0.44999999999999996
0.1,0.1,789,TRUE,NA,NA,0,negative,TRUE,0.456774341296086,6.988244776957928e-11,NA,NA,0.21938067066764386,0.44999999999999996
0.1,0.1,888,TRUE,NA,NA,6.076263663156503e-6,negative,TRUE,0.4922376821880741,6.188740925858776e-15,NA,NA,0.2148336179301247,0.44999999999999996
0.1,0.1,999,TRUE,NA,NA,0,negative,TRUE,0.3728295584397667,1.0727323738434632e-9,NA,NA,0.1410873494338629,0.44999999999999996
0.1,0.1,1001,TRUE,NA,NA,1.5261475214049052e-5,negative,TRUE,0.3759871575542672,6.39032044391799e-7,NA,NA,0.11911703621795022,0.44999999999999996
0.1,0.1,1123,TRUE,NA,NA,5.328612521084656e-4,negative,TRUE,0.4692888221350355,1.069888612449942e-14,NA,NA,0.16240715903106076,0.44999999999999996
0.1,0.1,1234,TRUE,NA,NA,0.0010950811794017722,negative,TRUE,0.4054187535047651,5.271492498151722e-10,NA,NA,0.12400769367233433,0.44999999999999996
0.1,0.1,1357,TRUE,NA,NA,0,negative,TRUE,0.34388495485370735,3.423609896083978e-7,NA,NA,0.14355715960346968,0.44999999999999996
0.1,0.1,1500,TRUE,NA,NA,7.440283204247926e-4,negative,TRUE,0.2614567982018307,2.486578523076796e-5,NA,NA,0.10979819568667272,0.44999999999999996
0.1,0.1,1618,TRUE,NA,NA,6.099189573910725e-5,negative,TRUE,0.4158041154038972,2.4897568279556646e-11,NA,NA,0.12589743575412454,0.44999999999999996
0.1,0.1,1729,TRUE,NA,NA,0.1272266850346871,negative,FALSE,0.3479358958351802,1.4979136942639723e-5,0.0653436601171969,0.2538937410122445,0.16689929564079786,0.44999999999999996
0.1,0.1,1847,TRUE,NA,NA,1.3038737450706765e-4,negative,TRUE,0.4181397442526524,7.64968938454056e-11,NA,NA,0.1915090571405958,0.44999999999999996
0.1,0.1,1963,TRUE,NA,NA,0,negative,TRUE,0.292098223694102,2.4310395952289965e-6,NA,NA,0.12719274781746134,0.44999999999999996
0.1,0.1,2048,TRUE,NA,NA,6.584364617120717e-5,negative,TRUE,0.4227946728825722,2.592413857060889e-11,NA,NA,0.18202746162854877,0.44999999999999996
0.1,0.1,2222,TRUE,NA,NA,0.07683651625473455,negative,TRUE,0.4687431841146668,1.268606664675244e-13,NA,NA,0.2315319055928171,0.44999999999999996
0.1,0.1,2345,TRUE,NA,NA,0,negative,TRUE,0.35335765973150657,2.872855022389176e-7,NA,NA,0.11642446255759539,0.44999999999999996
0.1,0.1,2500,TRUE,NA,NA,0,negative,TRUE,0.4382192610579893,6.59588106906786e-11,NA,NA,0.13903239979305268,0.44999999999999996
0.1,0.1,2718,TRUE,NA,NA,3.522903921427933e-4,negative,TRUE,0.3690122155043067,1.1503153755591238e-9,NA,NA,0.13938462188682926,0.44999999999999996
0.1,0.1,2801,TRUE,NA,NA,4.112465617397652e-5,negative,TRUE,0.3840983138693473,2.45973477838758e-9,NA,NA,0.16127730079271668,0.44999999999999996
0.1,0.1,3001,TRUE,NA,NA,3.695008852637714e-4,negative,TRUE,0.40309818674657955,6.2567896775127385e-10,NA,NA,0.19493623674483157,0.44999999999999996
0.1,0.1,3141,TRUE,NA,NA,1.5536992292268687e-5,negative,TRUE,0.5373853060301705,1.602844842280799e-14,NA,NA,0.2152855413353742,0.44999999999999996
0.1,0.1,3333,TRUE,NA,NA,2.8891473653770163e-4,negative,TRUE,0.32753405516157463,4.6767228195101055e-7,NA,NA,0.13353715032130814,0.44999999999999996
0.1,0.1,3500,TRUE,NA,NA,2.1676673748883453e-5,negative,TRUE,0.426413429040761,1.638838438101849e-8,NA,NA,0.16662139176787355,0.44999999999999996
0.1,0.1,3777,TRUE,NA,NA,1.9500627562066535e-5,negative,TRUE,0.360996473364781,5.9532703751119915e-8,NA,NA,0.11963783349432955,0.44999999999999996
0.1,0.25,71,TRUE,NA,NA,1.7337306329145278e-4,negative,TRUE,0.4261882082009988,1.4208802233074455e-10,NA,NA,0.13373619346939516,0.44999999999999996
0.1,0.25,42,TRUE,NA,NA,3.624333837021148e-6,negative,TRUE,0.3516618248311943,1.1718885038636671e-7,NA,NA,0.13970027497596202,0.44999999999999996
0.1,0.25,123,TRUE,NA,NA,5.920480684883076e-5,negative,TRUE,0.378462972437963,9.50632567374311e-8,NA,NA,0.14302041558482534,0.44999999999999996
0.1,0.25,256,TRUE,NA,NA,0.10938029884619685,negative,TRUE,0.39058544882176527,1.4255217481733641e-9,NA,NA,0.18671483843794354,0.44999999999999996
0.1,0.25,314,TRUE,NA,NA,0,negative,TRUE,0.3790926254070162,3.074027233716217e-8,NA,NA,0.12557072200296265,0.44999999999999996
0.1,0.25,500,TRUE,NA,NA,0,negative,TRUE,0.4778341489195276,6.857535377105115e-12,NA,NA,0.18706936748790942,0.44999999999999996
0.1,0.25,617,TRUE,NA,NA,0,negative,TRUE,0.41524096814003747,1.8871773376098096e-10,NA,NA,0.1689435934145865,0.44999999999999996
0.1,0.25,789,TRUE,NA,NA,0,negative,TRUE,0.5055380154620918,7.640231430284404e-15,NA,NA,0.22215265978309873,0.44999999999999996
0.1,0.25,888,TRUE,NA,NA,0,negative,TRUE,0.4138145611033306,4.922655181034695e-11,NA,NA,0.185366678134322,0.44999999999999996
0.1,0.25,999,TRUE,NA,NA,5.66929618182719e-4,negative,TRUE,0.38433099221863376,7.675987958395987e-10,NA,NA,0.13568246360723654,0.44999999999999996
0.1,0.25,1001,TRUE,NA,NA,1.7722186999774742e-5,negative,TRUE,0.3903187743580966,4.834852196231431e-10,NA,NA,0.1171357887714343,0.44999999999999996
0.1,0.25,1123,TRUE,NA,NA,0,negative,TRUE,0.4141941671183455,8.629534424589803e-12,NA,NA,0.16577676212016737,0.44999999999999996
0.1,0.25,1234,TRUE,NA,NA,0,negative,TRUE,0.3485816941045378,2.951447425393274e-7,NA,NA,0.10967640779326776,0.44999999999999996
0.1,0.25,1357,TRUE,NA,NA,3.007560371007034e-5,negative,TRUE,0.4120891464490939,1.398100164364395e-10,NA,NA,0.15037806719631946,0.44999999999999996
0.1,0.25,1500,TRUE,NA,NA,9.566338659681933e-5,negative,TRUE,0.37171937709068226,4.2202096805148426e-8,NA,NA,0.136507916709678,0.44999999999999996
0.1,0.25,1618,TRUE,NA,NA,9.53621493062334e-5,negative,TRUE,0.36643043096757416,8.661312635481809e-10,NA,NA,0.1109565648968459,0.44999999999999996
0.1,0.25,1729,TRUE,NA,NA,0.0014459060331323576,negative,TRUE,0.4285000085833267,1.4950920374977832e-10,NA,NA,0.15406275105647074,0.44999999999999996
0.1,0.25,1847,TRUE,NA,NA,4.893241624668141e-4,negative,TRUE,0.43575376725517384,2.0411669866610194e-11,NA,NA,0.19511664250075642,0.44999999999999996
0.1,0.25,1963,TRUE,NA,NA,1.3377992927505528e-4,negative,TRUE,0.44115091806402396,1.1781463726526952e-10,NA,NA,0.16138375768708016,0.44999999999999996
0.1,0.25,2048,TRUE,NA,NA,5.141435936831996e-4,negative,TRUE,0.4341119671798038,4.622774499397061e-12,NA,NA,0.20270587458895722,0.44999999999999996
0.1,0.25,2222,TRUE,NA,NA,0.06451768739367816,negative,TRUE,0.4789242652571633,9.626679181073211e-15,NA,NA,0.2336198579099945,0.44999999999999996
0.1,0.25,2345,TRUE,NA,NA,2.0866973005743663e-4,negative,TRUE,0.42569730455706783,1.8885513859981328e-10,NA,NA,0.12689747034558746,0.44999999999999996
0.1,0.25,2500,TRUE,NA,NA,0,negative,TRUE,0.34260975399972254,3.880245153199781e-8,NA,NA,0.1314421614039821,0.44999999999999996
0.1,0.25,2718,TRUE,NA,NA,2.3721833696477716e-4,negative,TRUE,0.35705095062125125,4.525864750246311e-9,NA,NA,0.13997721648936592,0.44999999999999996
0.1,0.25,2801,TRUE,NA,NA,0,negative,TRUE,0.436650357312944,1.474397916915894e-10,NA,NA,0.15897261765635629,0.44999999999999996
0.1,0.25,3001,TRUE,NA,NA,0.11946130795519698,negative,TRUE,0.506535905572881,6.227664222824155e-13,NA,NA,0.26461863798603547,0.44999999999999996
0.1,0.25,3141,TRUE,NA,NA,2.099866048011794e-4,negative,TRUE,0.5707013525783009,4.407785755446914e-18,NA,NA,0.2099568938137381,0.44999999999999996
0.1,0.25,3333,TRUE,NA,NA,2.626280982134895e-4,negative,TRUE,0.3896452052102098,1.9471035513135057e-9,NA,NA,0.14291118329815958,0.44999999999999996
0.1,0.25,3500,TRUE,NA,NA,0,negative,TRUE,0.37339990541204543,2.325469489408899e-8,NA,NA,0.14766761104802634,0.44999999999999996
0.1,0.25,3777,TRUE,NA,NA,1.2083126966368768e-4,negative,TRUE,0.29528039217465696,1.0699160122667753e-5,NA,NA,0.10843627776302883,0.44999999999999996
0.1,0.4,71,TRUE,NA,NA,7.23229546931198e-4,negative,TRUE,0.43536856064286095,3.3715556660128947e-10,NA,NA,0.12935334680176303,0.44999999999999996
0.1,0.4,42,TRUE,NA,NA,0,negative,TRUE,0.3852034324175058,3.3136332895151765e-9,NA,NA,0.14139388852092305,0.44999999999999996
0.1,0.4,123,TRUE,NA,NA,0,negative,TRUE,0.3536849479780612,5.909874605815288e-8,NA,NA,0.15164878199529477,0.44999999999999996
0.1,0.4,256,TRUE,NA,NA,1.7720377137923313e-4,negative,TRUE,0.362990567452843,2.2412753335011822e-7,NA,NA,0.17238067848910751,0.44999999999999996
0.1,0.4,314,TRUE,NA,NA,4.313179103426759e-4,negative,TRUE,0.4179015921266211,1.1725049979364275e-10,NA,NA,0.13332122332391327,0.44999999999999996
0.1,0.4,500,TRUE,NA,NA,0,negative,TRUE,0.49528703220610465,1.2105031233943884e-13,NA,NA,0.19727051167488238,0.44999999999999996
0.1,0.4,617,TRUE,NA,NA,0,negative,TRUE,0.4908230417907342,6.593395844503315e-13,NA,NA,0.18181665576897163,0.44999999999999996
0.1,0.4,789,TRUE,NA,NA,0,negative,TRUE,0.501824999041178,3.666882274511362e-12,NA,NA,0.22408566620721942,0.44999999999999996
0.1,0.4,888,TRUE,NA,NA,0,negative,TRUE,0.5203694077728614,7.839989902266678e-15,NA,NA,0.21818364307167262,0.44999999999999996
0.1,0.4,999,TRUE,NA,NA,0,negative,TRUE,0.35374618514510364,1.0886500014651036e-7,NA,NA,0.13107925065647413,0.44999999999999996
0.1,0.4,1001,TRUE,NA,NA,0,negative,TRUE,0.3047225757841949,1.7044395088008924e-5,NA,NA,0.10728217123739829,0.44999999999999996
0.1,0.4,1123,TRUE,NA,NA,0.005719680618915224,negative,TRUE,0.45454938792764915,1.4147468891499975e-13,NA,NA,0.16290574512976044,0.44999999999999996
0.1,0.4,1234,TRUE,NA,NA,5.894937336650326e-4,negative,TRUE,0.3635697071535665,1.208882372684995e-8,NA,NA,0.12047843176144184,0.44999999999999996
0.1,0.4,1357,TRUE,NA,NA,0,negative,TRUE,0.35049789706735923,1.8292507808281695e-8,NA,NA,0.13409975007191627,0.44999999999999996
0.1,0.4,1500,TRUE,NA,NA,5.300308666338349e-4,negative,TRUE,0.39084174818580086,1.276129732146164e-9,NA,NA,0.12408340631747289,0.44999999999999996
0.1,0.4,1618,TRUE,NA,NA,1.6621117760968022e-6,negative,TRUE,0.41183078925101496,3.110749683399879e-10,NA,NA,0.1407930782350614,0.44999999999999996
0.1,0.4,1729,TRUE,NA,NA,1.0853218348942833e-4,negative,TRUE,0.4734894194218222,5.383238695627412e-14,NA,NA,0.13612190129957166,0.44999999999999996
0.1,0.4,1847,TRUE,NA,NA,6.145947997078065e-5,negative,TRUE,0.48367504790259763,9.238026425991441e-12,NA,NA,0.19055370436588231,0.44999999999999996
0.1,0.4,1963,TRUE,NA,NA,3.232412894847549e-5,negative,TRUE,0.4418957333478422,3.658974019916065e-12,NA,NA,0.1569477053108336,0.44999999999999996
0.1,0.4,2048,TRUE,NA,NA,1.2598428480839572e-5,negative,TRUE,0.4773813752921024,4.3628423876326356e-14,NA,NA,0.18953175565725527,0.44999999999999996
0.1,0.4,2222,TRUE,NA,NA,0.028579401628881826,negative,TRUE,0.4720135523855935,4.4675577845208205e-14,NA,NA,0.22299969145996978,0.44999999999999996
0.1,0.4,2345,TRUE,NA,NA,5.988463975578237e-7,negative,TRUE,0.3784246682095692,9.608707597532358e-9,NA,NA,0.11760665369552009,0.44999999999999996
0.1,0.4,2500,TRUE,NA,NA,0.0449483259418435,negative,TRUE,0.4046989336547064,2.224834366068683e-9,NA,NA,0.1604336107841344,0.44999999999999996
0.1,0.4,2718,TRUE,NA,NA,0,negative,TRUE,0.3365717980734647,1.9126089507969537e-8,NA,NA,0.13650241168228539,0.44999999999999996
0.1,0.4,2801,TRUE,NA,NA,0,negative,TRUE,0.3993229460476403,6.01635340557644e-9,NA,NA,0.13602428876504882,0.44999999999999996
0.1,0.4,3001,TRUE,NA,NA,0.0339439151845186,negative,TRUE,0.41951699791049474,7.812758368045484e-11,NA,NA,0.21923532394113687,0.44999999999999996
0.1,0.4,3141,TRUE,NA,NA,0.003188779680717601,negative,TRUE,0.4819123883050388,3.385953282291394e-12,NA,NA,0.21076804916963873,0.44999999999999996
0.1,0.4,3333,TRUE,NA,NA,0,negative,TRUE,0.48888139273821346,1.6070160584680305e-13,NA,NA,0.13672831229281598,0.44999999999999996
0.1,0.4,3500,TRUE,NA,NA,1.5444921325094942e-4,negative,TRUE,0.44754577903184173,3.335188594116508e-12,NA,NA,0.1653962005284503,0.44999999999999996
0.1,0.4,3777,TRUE,NA,NA,0.0014647056527382198,negative,TRUE,0.38658143611902057,8.989858551075851e-9,NA,NA,0.12735641012899376,0.44999999999999996
0.15,0,71,TRUE,NA,NA,0.0018843806470700939,negative,FALSE,0.29820873205010345,1.2937170214538839e-4,0.023826411863379783,0.7168528928068167,0.10444574759118917,0.42499999999999993
0.15,0,42,TRUE,NA,NA,0.11794602191580363,negative,FALSE,0.2658269075865466,0.0018571200146043838,0.11019814057221024,0.10855234460183197,0.12383789239507022,0.42499999999999993
0.15,0,123,TRUE,NA,NA,6.405733809465831e-5,negative,FALSE,0.4213543323600649,1.241252836490363e-8,-0.04989524465382323,0.4177648747209346,0.13670707087129222,0.42499999999999993
0.15,0,256,TRUE,NA,NA,7.743115381277831e-5,negative,FALSE,0.31631796927739997,2.9051563905714408e-5,0.0693120978693361,0.2543770607602176,0.1279805833712342,0.42499999999999993
0.15,0,314,TRUE,NA,NA,6.911282280073769e-4,negative,FALSE,0.49368323690143256,6.444341497448999e-10,-0.11607464323422223,0.04667507277767195,0.15200886423997334,0.42499999999999993
0.15,0,500,TRUE,NA,NA,0,negative,FALSE,0.374200142942481,7.643389885227426e-8,NA,NA,0.1608270108851937,0.42499999999999993
0.15,0,617,TRUE,NA,NA,0,negative,FALSE,0.37605985781165246,1.3110402571005173e-8,NA,NA,0.1584977581610769,0.42499999999999993
0.15,0,789,TRUE,NA,NA,6.191631463508054e-5,negative,FALSE,0.42489197600720935,2.5059838951665655e-7,0.054574651883049045,0.38253113757150814,0.18474391845585458,0.42499999999999993
0.15,0,888,TRUE,NA,NA,0,negative,FALSE,0.408583001916743,1.7510414937193861e-10,NA,NA,0.16527940884253428,0.42499999999999993
0.15,0,999,TRUE,NA,NA,3.4658451122586816e-5,negative,FALSE,0.3616140505112886,6.957101441130808e-7,-0.006019637489875352,0.9146239115005069,0.1278584933299947,0.42499999999999993
0.15,0,1001,TRUE,NA,NA,1.3691733225440557e-4,negative,FALSE,0.26959480204288677,8.112254724212551e-4,0.039839695101075115,0.5046761449778647,0.08525998446086658,0.42499999999999993
0.15,0,1123,TRUE,NA,NA,9.206945687758436e-5,negative,FALSE,0.4046680193086233,9.346108479984194e-8,0.05182066175250216,0.34635770573581826,0.1349219936960895,0.42499999999999993
0.15,0,1234,TRUE,NA,NA,0,negative,FALSE,0.24988983779060955,3.881634776312356e-5,NA,NA,0.09077328328366226,0.42499999999999993
0.15,0,1357,TRUE,NA,NA,0,negative,FALSE,0.36517972143420396,4.007535290153399e-8,NA,NA,0.1277435019241996,0.42499999999999993
0.15,0,1500,TRUE,NA,NA,0,negative,FALSE,0.3579474484636111,3.2898648390717555e-7,NA,NA,0.09233564192193111,0.42499999999999993
0.15,0,1618,TRUE,NA,NA,2.9900200780818816e-4,negative,FALSE,0.3674233898451213,1.4573122659009635e-7,-0.010427723131830956,0.8507378530695794,0.11052789788443074,0.42499999999999993
0.15,0,1729,TRUE,NA,NA,3.6185336781823044e-4,negative,FALSE,0.4744954038633433,3.641706540434556e-8,-0.00676793354336527,0.9080828531742899,0.14280653760481157,0.42499999999999993
0.15,0,1847,TRUE,NA,NA,8.304461273760677e-4,negative,FALSE,0.5502321572251417,2.413740074492179e-10,-0.08757001662707398,0.13944216250171476,0.23220708792757938,0.42499999999999993
0.15,0,1963,TRUE,NA,NA,8.861514077259667e-5,negative,FALSE,0.3882661021374217,3.138452050954369e-6,0.018501117413448214,0.7619910240638444,0.13272284763515685,0.42499999999999993
0.15,0,2048,TRUE,NA,NA,1.7164642619558928e-4,negative,FALSE,0.4479050401793072,1.396522614988467e-7,-0.04658167453883325,0.5042985579781358,0.20444373514551864,0.42499999999999993
0.15,0,2222,TRUE,NA,NA,5.448433541068251e-5,negative,FALSE,0.35705225287135456,4.6660876235153024e-6,-0.05940103545765338,0.39365801484638363,0.17885787932670785,0.42499999999999993
0.15,0,2345,TRUE,NA,NA,2.91656896105123e-4,negative,FALSE,0.37276000447147234,5.0704471876870756e-5,0.08924394602495239,0.28170677854483844,0.09682387365527166,0.42499999999999993
0.15,0,2500,TRUE,NA,NA,0,negative,FALSE,0.4207939455396248,1.7951703069532885e-10,NA,NA,0.12652391788067857,0.42499999999999993
0.15,0,2718,TRUE,NA,NA,0.17283027016968064,negative,FALSE,0.3120948594547441,3.7992450515701735e-5,0.10517329418129603,0.11216161123454368,0.1280314240248788,0.42499999999999993
0.15,0,2801,TRUE,NA,NA,2.7411817854136936e-4,negative,FALSE,0.4242945610224346,5.35909810303621e-7,-0.0017656262735792365,0.9774411861977973,0.16441054422807053,0.42499999999999993
0.15,0,3001,TRUE,NA,NA,8.084022524758961e-5,negative,FALSE,0.5223647552127175,2.0012464185487903e-10,-0.07412828168393486,0.207791802716323,0.2255541479855507,0.42499999999999993
0.15,0,3141,TRUE,NA,NA,0.0020222958039593348,negative,FALSE,0.3263292922921425,5.300743601801962e-5,0.11673118991281835,0.11712804262510623,0.1372205067856908,0.42499999999999993
0.15,0,3333,TRUE,NA,NA,1.8010239621762264e-4,negative,FALSE,0.40453309298263057,6.86010585230759e-7,0.01862555111938474,0.7763135894115966,0.13069594067184684,0.42499999999999993
0.15,0,3500,TRUE,NA,NA,1.2098402795183867e-4,negative,FALSE,0.33798706696236275,1.1092445708564348e-5,0.018444252765122224,0.739442708824978,0.14106683807070408,0.42499999999999993
0.15,0,3777,TRUE,NA,NA,5.196889185365353e-4,negative,FALSE,0.26072380319458643,0.0036162067631790064,-0.02987993262693113,0.6565135995373997,0.09983070768790595,0.42499999999999993
0.15,0.1,71,TRUE,NA,NA,8.274752422915568e-4,negative,TRUE,0.4206943324079228,1.356499224570668e-10,NA,NA,0.12223075695023111,0.42499999999999993
0.15,0.1,42,TRUE,NA,NA,9.356050801247655e-5,negative,TRUE,0.39693113004087105,1.3191829728212378e-8,NA,NA,0.13807818188295284,0.42499999999999993
0.15,0.1,123,TRUE,NA,NA,8.062744764354226e-5,negative,TRUE,0.36507471603973785,9.5157355912067e-9,NA,NA,0.12692410680086183,0.42499999999999993
0.15,0.1,256,TRUE,NA,NA,4.89239223700785e-4,negative,TRUE,0.3771739728594817,1.8734805744741453e-8,NA,NA,0.14792754944119094,0.42499999999999993
0.15,0.1,314,TRUE,NA,NA,1.7108106320231356e-5,negative,TRUE,0.36338963078346337,5.869469509307695e-7,NA,NA,0.11688201155734973,0.42499999999999993
0.15,0.1,500,TRUE,NA,NA,0,negative,TRUE,0.4670618597995568,4.127361846504561e-12,NA,NA,0.15613151809358986,0.42499999999999993
0.15,0.1,617,TRUE,NA,NA,3.1522515743130565e-4,negative,TRUE,0.3264845193629173,1.1584753411520289e-6,NA,NA,0.14973329346883485,0.42499999999999993
0.15,0.1,789,TRUE,NA,NA,0,negative,TRUE,0.4359980256972211,3.825213327281685e-10,NA,NA,0.2003985804151549,0.42499999999999993
0.15,0.1,888,TRUE,NA,NA,4.284553597384522e-5,negative,TRUE,0.4687519839347479,6.328021415555432e-14,NA,NA,0.19448622745524524,0.42499999999999993
0.15,0.1,999,TRUE,NA,NA,0,negative,TRUE,0.35123881464118367,7.2787931452480745e-9,NA,NA,0.12510918305771548,0.42499999999999993
0.15,0.1,1001,TRUE,NA,NA,2.532207237502841e-5,negative,TRUE,0.3561623959545952,2.0098804759253187e-6,NA,NA,0.10472356698565223,0.42499999999999993
0.15,0.1,1123,TRUE,NA,NA,0.00114786076410317,negative,TRUE,0.4476949717414899,9.979280026429417e-14,NA,NA,0.14608490761252368,0.42499999999999993
0.15,0.1,1234,TRUE,NA,NA,0.002140386355630821,negative,TRUE,0.3834041268538276,3.1518411888061702e-9,NA,NA,0.10955859582652172,0.42499999999999993
0.15,0.1,1357,TRUE,NA,NA,0,negative,TRUE,0.32572731860815096,1.1512239222091462e-6,NA,NA,0.12877707797796678,0.42499999999999993
0.15,0.1,1500,TRUE,NA,NA,2.4231076765424933e-4,negative,TRUE,0.24407575581012006,7.804424010295274e-5,NA,NA,0.0951520493833082,0.42499999999999993
0.15,0.1,1618,TRUE,NA,NA,2.203005018437201e-4,negative,TRUE,0.3939275019457585,2.1986610523013096e-10,NA,NA,0.1121225296778516,0.42499999999999993
0.15,0.1,1729,TRUE,NA,NA,0.14441837569448707,negative,FALSE,0.33227791493817016,3.151502370557768e-5,0.06006193671682513,0.2930247594133885,0.15368061090563,0.42499999999999993
0.15,0.1,1847,TRUE,NA,NA,4.464680642308256e-4,negative,TRUE,0.3982476574213814,4.937658681311803e-10,NA,NA,0.17522325011586345,0.42499999999999993
0.15,0.1,1963,TRUE,NA,NA,0,negative,TRUE,0.2688187189502942,1.1141985584899228e-5,NA,NA,0.11157652625086263,0.42499999999999993
0.15,0.1,2048,TRUE,NA,NA,1.1403165124052516e-4,negative,TRUE,0.4009941854160743,1.5642780933965232e-10,NA,NA,0.16486180210993961,0.42499999999999993
0.15,0.1,2222,TRUE,NA,NA,0.09537363101424823,negative,TRUE,0.45053549180548513,7.757417836622732e-13,NA,NA,0.21592235252046357,0.42499999999999993
0.15,0.1,2345,TRUE,NA,NA,0,negative,TRUE,0.33104972938781224,9.97354383440654e-7,NA,NA,0.10947533400742533,0.42499999999999993
0.15,0.1,2500,TRUE,NA,NA,0,negative,TRUE,0.4155812633611939,4.376615639760168e-10,NA,NA,0.12299617970741791,0.42499999999999993
0.15,0.1,2718,TRUE,NA,NA,0.0010438475319379463,negative,TRUE,0.34995437500726906,5.85803907925145e-9,NA,NA,0.12549919293737924,0.42499999999999993
0.15,0.1,2801,TRUE,NA,NA,1.0886661179869898e-4,negative,TRUE,0.36465816243232746,1.3273918706973474e-8,NA,NA,0.14541502425355216,0.42499999999999993
0.15,0.1,3001,TRUE,NA,NA,7.31280802238141e-4,negative,TRUE,0.38322978382953143,3.194006059360794e-9,NA,NA,0.1779842716454349,0.42499999999999993
0.15,0.1,3141,TRUE,NA,NA,5.856393821970826e-5,negative,TRUE,0.5191505792704142,8.369507278013559e-14,NA,NA,0.19680776139727574,0.42499999999999993
0.15,0.1,3333,TRUE,NA,NA,6.036437489917217e-4,negative,TRUE,0.3075743849570607,1.9753727775473595e-6,NA,NA,0.11891087175085657,0.42499999999999993
0.15,0.1,3500,TRUE,NA,NA,4.0153787166525396e-5,negative,TRUE,0.4076264871753377,6.18990221285812e-8,NA,NA,0.15007314549616108,0.42499999999999993
0.15,0.1,3777,TRUE,NA,NA,6.517770005364773e-5,negative,TRUE,0.3416119157262059,2.547696211554043e-7,NA,NA,0.10610859494556063,0.42499999999999993
0.15,0.25,71,TRUE,NA,NA,3.922862742469626e-4,negative,TRUE,0.40513654531965554,7.616595278182859e-10,NA,NA,0.11908724418877385,0.42499999999999993
0.15,0.25,42,TRUE,NA,NA,1.2050000812000388e-5,negative,TRUE,0.3308877975213789,5.131012828809774e-7,NA,NA,0.12457272490844883,0.42499999999999993
0.15,0.25,123,TRUE,NA,NA,0.0928036530831074,negative,TRUE,0.3607714788392315,1.8898850473312494e-7,NA,NA,0.15684683442663977,0.42499999999999993
0.15,0.25,256,TRUE,NA,NA,0.12675413147944994,negative,TRUE,0.37194096426912154,6.055250321309668e-9,NA,NA,0.171914970287866,0.42499999999999993
0.15,0.25,314,TRUE,NA,NA,0,negative,TRUE,0.35841364513266877,1.499744096849898e-7,NA,NA,0.11249682795413002,0.42499999999999993
0.15,0.25,500,TRUE,NA,NA,0,negative,TRUE,0.4553388270250709,5.544941911955474e-11,NA,NA,0.16795402356941483,0.42499999999999993
0.15,0.25,617,TRUE,NA,NA,0,negative,TRUE,0.3943408816463658,1.186719897392204e-9,NA,NA,0.15195980549152652,0.42499999999999993
0.15,0.25,789,TRUE,NA,NA,0,negative,TRUE,0.4812383442693972,8.350167366576605e-14,NA,NA,0.20202271816840509,0.42499999999999993
0.15,0.25,888,TRUE,NA,NA,0,negative,TRUE,0.3914881905577271,3.8526084594515276e-10,NA,NA,0.16681590527047255,0.42499999999999993
0.15,0.25,999,TRUE,NA,NA,8.958091669696917e-4,negative,TRUE,0.3627625729184162,5.261754378611549e-9,NA,NA,0.12096821846749545,0.42499999999999993
0.15,0.25,1001,TRUE,NA,NA,5.51990727840257e-5,negative,TRUE,0.36891985380198594,2.757876597645035e-9,NA,NA,0.10278928925909231,0.42499999999999993
0.15,0.25,1123,TRUE,NA,NA,0,negative,TRUE,0.40031702955362247,4.6912579797887645e-11,NA,NA,0.14634471372305738,0.42499999999999993
0.15,0.25,1234,TRUE,NA,NA,0,negative,TRUE,0.3266926557918773,1.3721107141234966e-6,NA,NA,0.0955658578645544,0.42499999999999993
0.15,0.25,1357,TRUE,NA,NA,8.471753742546497e-5,negative,TRUE,0.3923074564811276,7.965948930839383e-10,NA,NA,0.13504568392967653,0.42499999999999993
0.15,0.25,1500,TRUE,NA,NA,3.0280088944230217e-5,negative,TRUE,0.35149399921760655,2.2128864657043966e-7,NA,NA,0.11741731752425995,0.42499999999999993
0.15,0.25,1618,TRUE,NA,NA,1.993983626687971e-4,negative,TRUE,0.3441578416625147,6.3153274714392e-9,NA,NA,0.09758952600847884,0.42499999999999993
0.15,0.25,1729,TRUE,NA,NA,2.229703366833706e-4,negative,TRUE,0.4103848482546009,7.890140341269906e-10,NA,NA,0.1304083001201105,0.42499999999999993
0.15,0.25,1847,TRUE,NA,NA,1.0217577059022782e-4,negative,TRUE,0.4176367569939839,1.4554121118078945e-10,NA,NA,0.16867023025828118,0.42499999999999993
0.15,0.25,1963,TRUE,NA,NA,2.6274962240376595e-4,negative,TRUE,0.42217251248073945,5.530786476926033e-10,NA,NA,0.1451890474574489,0.42499999999999993
0.15,0.25,2048,TRUE,NA,NA,0.001161176209768158,negative,TRUE,0.41234580822920636,3.616761939751405e-11,NA,NA,0.18472266914001861,0.42499999999999993
0.15,0.25,2222,TRUE,NA,NA,0.09956654190273832,negative,TRUE,0.45908304534058325,7.733527150647628e-14,NA,NA,0.22122802585827245,0.42499999999999993
0.15,0.25,2345,TRUE,NA,NA,7.605704021991249e-4,negative,TRUE,0.40714749322696075,9.482265722491378e-10,NA,NA,0.11397922844585591,0.42499999999999993
0.15,0.25,2500,TRUE,NA,NA,4.603217466256587e-6,negative,TRUE,0.324661771030237,1.651555164846846e-7,NA,NA,0.11875313565478364,0.42499999999999993
0.15,0.25,2718,TRUE,NA,NA,4.971293873582475e-4,negative,TRUE,0.33667946792961023,2.5231546316207962e-8,NA,NA,0.1253865372268964,0.42499999999999993
0.15,0.25,2801,TRUE,NA,NA,0,negative,TRUE,0.4143993893030325,8.869607593389037e-10,NA,NA,0.1416692319926154,0.42499999999999993
0.15,0.25,3001,TRUE,NA,NA,0.1504340108225399,negative,TRUE,0.4880833112424654,3.1157926108876508e-12,NA,NA,0.2510377696378532,0.42499999999999993
0.15,0.25,3141,TRUE,NA,NA,5.52753490455897e-4,negative,TRUE,0.551455720653399,3.6107724679504907e-17,NA,NA,0.1925002748664473,0.42499999999999993
0.15,0.25,3333,TRUE,NA,NA,6.919332292941664e-4,negative,TRUE,0.3696305017055246,1.0265678637455447e-8,NA,NA,0.12801131933428322,0.42499999999999993
0.15,0.25,3500,TRUE,NA,NA,0,negative,TRUE,0.35374119735055287,9.924091715641338e-8,NA,NA,0.13268085579462896,0.42499999999999993
0.15,0.25,3777,TRUE,NA,NA,2.793302917844159e-4,negative,TRUE,0.27477743682894007,3.99194042772721e-5,NA,NA,0.09543761690070102,0.42499999999999993
0.15,0.4,71,TRUE,NA,NA,0.001549895481231644,negative,TRUE,0.41578147147930944,1.4899954915099911e-9,NA,NA,0.11550153357764868,0.42499999999999993
0.15,0.4,42,TRUE,NA,NA,2.5258824080466655e-5,negative,TRUE,0.364226580709282,1.930689864874612e-8,NA,NA,0.12604113758902072,0.42499999999999993
0.15,0.4,123,TRUE,NA,NA,1.6150022003156617e-5,negative,TRUE,0.33577431827765614,2.1140880589360633e-7,NA,NA,0.13652179341463563,0.42499999999999993
0.15,0.4,256,TRUE,NA,NA,7.599376250458454e-5,negative,TRUE,0.34357161822899535,9.406554347902035e-7,NA,NA,0.15119881049616843,0.42499999999999993
0.15,0.4,314,TRUE,NA,NA,1.3189143696615036e-4,negative,TRUE,0.4010226518026113,6.74876519317719e-10,NA,NA,0.11049263940534289,0.42499999999999993
0.15,0.4,500,TRUE,NA,NA,0,negative,TRUE,0.4715308809182223,1.304877587732494e-12,NA,NA,0.17728350725289632,0.42499999999999993
0.15,0.4,617,TRUE,NA,NA,0,negative,TRUE,0.4675132127824642,5.4014702023009605e-12,NA,NA,0.1645040031463484,0.42499999999999993
0.15,0.4,789,TRUE,NA,NA,0,negative,TRUE,0.4807818757883363,2.1054773411380296e-11,NA,NA,0.20465181249415487,0.42499999999999993
0.15,0.4,888,TRUE,NA,NA,0,negative,TRUE,0.49743664843765534,6.990505300194123e-14,NA,NA,0.1973789981232914,0.42499999999999993
0.15,0.4,999,TRUE,NA,NA,0,negative,TRUE,0.3325308782576134,5.500864374758738e-7,NA,NA,0.11577979631554995,0.42499999999999993
0.15,0.4,1001,TRUE,NA,NA,0,negative,TRUE,0.2822692288777588,5.756944000530242e-5,NA,NA,0.093705261087213,0.42499999999999993
0.15,0.4,1123,TRUE,NA,NA,0.02416345645840068,negative,TRUE,0.43583075012769895,8.302162559644881e-13,NA,NA,0.14993794496786353,0.42499999999999993
0.15,0.4,1234,TRUE,NA,NA,7.891849088292783e-4,negative,TRUE,0.340772397183478,6.765432999767067e-8,NA,NA,0.1054468422318626,0.42499999999999993
0.15,0.4,1357,TRUE,NA,NA,0,negative,TRUE,0.3316257565014462,8.820348186931077e-8,NA,NA,0.1197513089667144,0.42499999999999993
0.15,0.4,1500,TRUE,NA,NA,6.636452993886632e-4,negative,TRUE,0.3706808899504651,6.776348123877023e-9,NA,NA,0.10939212544288766,0.42499999999999993
0.15,0.4,1618,TRUE,NA,NA,7.26779422577321e-5,negative,TRUE,0.3910816588362952,1.5004765882992611e-9,NA,NA,0.12555247722404672,0.42499999999999993
0.15,0.4,1729,TRUE,NA,NA,1.437188246448615e-4,negative,TRUE,0.4527598151834684,4.572747780441442e-13,NA,NA,0.12076950955201249,0.42499999999999993
0.15,0.4,1847,TRUE,NA,NA,1.739261558577926e-4,negative,TRUE,0.4625862173953935,6.085737908672547e-11,NA,NA,0.17348296428874563,0.42499999999999993
0.15,0.4,1963,TRUE,NA,NA,1.1395203926755235e-4,negative,TRUE,0.42038696813039955,2.589517878472825e-11,NA,NA,0.14045126267751887,0.42499999999999993
0.15,0.4,2048,TRUE,NA,NA,3.2691548231518575e-5,negative,TRUE,0.4574125495697506,3.276890243235067e-13,NA,NA,0.1733597590074226,0.42499999999999993
0.15,0.4,2222,TRUE,NA,NA,0.059540216863732155,negative,TRUE,0.45335008574412705,3.097753674999073e-13,NA,NA,0.21031698421949976,0.42499999999999993
0.15,0.4,2345,TRUE,NA,NA,2.6595427917333412e-5,negative,TRUE,0.36058234992503013,4.072594847553857e-8,NA,NA,0.1045645566374977,0.42499999999999993
0.15,0.4,2500,TRUE,NA,NA,0.05662576881650024,negative,TRUE,0.3830172274533369,1.0909670179579467e-8,NA,NA,0.14466599760128385,0.42499999999999993
0.15,0.4,2718,TRUE,NA,NA,6.237200013516639e-5,negative,TRUE,0.3168143660960609,8.746086482343321e-8,NA,NA,0.12172039239612423,0.42499999999999993
0.15,0.4,2801,TRUE,NA,NA,0,negative,TRUE,0.3771629890284201,3.427054910453117e-8,NA,NA,0.12046854902195281,0.42499999999999993
0.15,0.4,3001,TRUE,NA,NA,0.05884012531144137,negative,TRUE,0.4005669356292215,4.4891506487216903e-10,NA,NA,0.20575422451780878,0.42499999999999993
0.15,0.4,3141,TRUE,NA,NA,0.07969874546520236,negative,TRUE,0.46565568408640295,1.4806757775495192e-11,NA,NA,0.2130358536495573,0.42499999999999993
0.15,0.4,3333,TRUE,NA,NA,0,negative,TRUE,0.4690788394652104,1.0991719414018198e-12,NA,NA,0.12039350161383874,0.42499999999999993
0.15,0.4,3500,TRUE,NA,NA,7.794741044391061e-5,negative,TRUE,0.4325107801165468,1.978117098215227e-11,NA,NA,0.145194126431504,0.42499999999999993
0.15,0.4,3777,TRUE,NA,NA,0.049631241975046134,negative,TRUE,0.3645894542668025,4.8767031341999435e-8,NA,NA,0.12159405734197327,0.42499999999999993
0.25,0,71,TRUE,NA,NA,0.19290523119188674,negative,FALSE,0.2692184210039079,8.826994993907409e-4,0.01195852936523846,0.8817050626494181,0.108233857078976,0.375
0.25,0,42,TRUE,NA,NA,0.12485233083564701,negative,FALSE,0.24445303630914136,0.004251937157291623,0.08735514052328511,0.21035650501809292,0.10036210618458238,0.375
0.25,0,123,TRUE,NA,NA,6.59037556526553e-4,negative,FALSE,0.400271566876803,6.113932117919988e-7,-0.07066775781971124,0.35123697280016253,0.11489744145386416,0.375
0.25,0,256,TRUE,NA,NA,6.656329460559778e-5,negative,FALSE,0.2936530590119691,9.129284760292373e-5,0.055427446302856925,0.36229192319452874,0.10319289195807195,0.375
0.25,0,314,TRUE,NA,NA,5.153081580326514e-4,negative,FALSE,0.4724293153637656,3.4021581386584617e-9,-0.13543855803729687,0.020519246258948857,0.11593061802246567,0.375
0.25,0,500,TRUE,NA,NA,0,negative,FALSE,0.32807374519789884,2.1412347481190977e-6,NA,NA,0.12661638316977983,0.375
0.25,0,617,TRUE,NA,NA,7.456114180949243e-6,negative,FALSE,0.3413465909337154,5.742596871070274e-6,-0.00996464577817384,0.8511837659496485,0.1309490319069927,0.375
0.25,0,789,TRUE,NA,NA,2.5207437709869025e-4,negative,FALSE,0.3919638310024033,1.319795082951072e-6,0.04358964322695227,0.48300604337645725,0.15515692712467627,0.375
0.25,0,888,TRUE,NA,NA,0,negative,FALSE,0.36711399995136634,7.45551170470389e-9,NA,NA,0.13225184958072608,0.375
0.25,0,999,TRUE,NA,NA,1.3546543694845244e-4,negative,FALSE,0.3091058814237975,7.857877186265676e-5,0.00924372436466405,0.8922855285456543,0.09735087196271273,0.375
0.25,0,1001,TRUE,NA,NA,4.3244702082180785e-4,negative,FALSE,0.23549512359281644,0.0034474905782521173,0.031840454309902975,0.6103281058563708,0.06587746660127486,0.375
0.25,0,1123,TRUE,NA,NA,8.686976066380723e-4,negative,FALSE,0.37398826918634,1.3705598520564718e-6,0.03375087545401624,0.5794775533630436,0.11164047767760452,0.375
0.25,0,1234,TRUE,NA,NA,0,negative,FALSE,0.20891357107644046,5.094507336482169e-4,NA,NA,0.06693803846673084,0.375
0.25,0,1357,TRUE,NA,NA,1.5930381551523586e-5,negative,FALSE,0.37767094990212435,1.886887458402008e-6,-0.0645874942324998,0.2713696118953331,0.11621895448997335,0.375
0.25,0,1500,TRUE,NA,NA,0,negative,FALSE,0.3180437739945281,5.310751565215153e-6,NA,NA,0.06803589240026003,0.375
0.25,0,1618,TRUE,NA,NA,8.943339801396895e-4,negative,FALSE,0.33769500775886174,6.436484721194333e-7,-0.0244132424391473,0.6574446031279219,0.08795729162812438,0.375
0.25,0,1729,TRUE,NA,NA,4.958112453715579e-4,negative,FALSE,0.4324028710642163,3.5620004352106335e-7,-0.008866498821391506,0.8793756970294926,0.11157493894993675,0.375
0.25,0,1847,TRUE,NA,NA,9.051034338496048e-4,negative,FALSE,0.5258056625810804,1.125435949465165e-9,-0.1055486672719107,0.0748188868490692,0.19426370600136747,0.375
0.25,0,1963,TRUE,NA,NA,4.5910644581962376e-4,negative,FALSE,0.3568608710742989,4.8465110443080826e-5,0.011216540993025284,0.8787132521351954,0.10905389509695851,0.375
0.25,0,2048,TRUE,NA,NA,0.0026732917786514566,negative,FALSE,0.4704364931119221,2.5588945108777746e-7,-0.1257568422975468,0.125135794573131,0.19773354676879565,0.375
0.25,0,2222,TRUE,NA,NA,2.486018908346186e-4,negative,FALSE,0.32876094458977034,1.5667100649093732e-5,-0.07583457511626512,0.27283901679576233,0.1523361221296322,0.375
0.25,0,2345,TRUE,NA,NA,0.0016548693351547343,negative,FALSE,0.3653513489877101,4.971164015125326e-5,0.051452769903187465,0.5315274207139666,0.08127474790270306,0.375
0.25,0,2500,TRUE,NA,NA,3.3358418424662284e-5,negative,FALSE,0.4148151532301456,8.300258660771204e-6,-0.04154075775079671,0.5952189525634215,0.10841848113056535,0.375
0.25,0,2718,TRUE,NA,NA,0.23533776100473333,negative,FALSE,0.29212628660333934,1.1589298231503214e-4,0.08139825841418029,0.2295704116436992,0.11256610235454502,0.375
0.25,0,2801,TRUE,NA,NA,5.666410114051268e-4,negative,FALSE,0.3923935194368426,2.664971911435705e-6,-0.01172061502641614,0.8504697033639284,0.1355963159228114,0.375
0.25,0,3001,TRUE,NA,NA,1.9804471069347456e-4,negative,FALSE,0.4849360570165034,1.3516851838942755e-9,-0.0808578339020125,0.16705838621846508,0.1904642529038067,0.375
0.25,0,3141,TRUE,NA,NA,0.10463774667022185,negative,FALSE,0.3217962674373865,8.855516425451557e-5,0.0659539640607759,0.41095014208407,0.14106501032689614,0.375
0.25,0,3333,TRUE,NA,NA,0.0012128632141221412,negative,FALSE,0.41984085130137233,3.894643177359471e-6,-0.04813741435751289,0.5565453750626972,0.12024650408722584,0.375
0.25,0,3500,TRUE,NA,NA,1.596554759225552e-4,negative,FALSE,0.3117576763941689,4.824017333718742e-5,0.002552174746605224,0.9636512309717182,0.11363593443988991,0.375
0.25,0,3777,TRUE,NA,NA,0.2513248942545527,negative,FALSE,0.2507864414100442,0.009706651665390604,-0.0692534586605305,0.394529586729508,0.11425979152860691,0.375
0.25,0.1,71,TRUE,NA,NA,0.0032752025516352263,negative,TRUE,0.3835300134930491,2.4066304942293127e-9,NA,NA,0.09578673496628103,0.375
0.25,0.1,42,TRUE,NA,NA,7.645093518611159e-4,negative,TRUE,0.35440743052404544,2.3040332342522429e-7,NA,NA,0.10963345233112101,0.375
0.25,0.1,123,TRUE,NA,NA,3.4084348426125183e-4,negative,TRUE,0.32800485228219384,1.9220582368686157e-7,NA,NA,0.10036842779647047,0.375
0.25,0.1,256,TRUE,NA,NA,8.693003729710409e-4,negative,TRUE,0.3418314295066849,2.2077248466564425e-7,NA,NA,0.120605640263339,0.375
0.25,0.1,314,TRUE,NA,NA,2.0898444192962473e-4,negative,TRUE,0.323321976229865,8.4276411201406e-6,NA,NA,0.09255203780233452,0.375
0.25,0.1,500,TRUE,NA,NA,0,negative,TRUE,0.41779623553617234,2.8752292237291765e-10,NA,NA,0.13258161207691332,0.375
0.25,0.1,617,TRUE,NA,NA,2.1176756808969377e-4,negative,TRUE,0.2879630379638965,1.6325198941727543e-5,NA,NA,0.11592431967624746,0.375
0.25,0.1,789,TRUE,NA,NA,0,negative,TRUE,0.3953263523238762,8.580879502660911e-9,NA,NA,0.16545779049198,0.375
0.25,0.1,888,TRUE,NA,NA,2.758110951923541e-4,negative,TRUE,0.4227836549035032,4.935991401805233e-12,NA,NA,0.15768538305102958,0.375
0.25,0.1,999,TRUE,NA,NA,8.5193257215821e-5,negative,TRUE,0.3078866900617272,2.3864906800674327e-7,NA,NA,0.10264384874514898,0.375
0.25,0.1,1001,TRUE,NA,NA,6.132291777258359e-5,negative,TRUE,0.317701339195749,1.5470452312898757e-5,NA,NA,0.07905473902340888,0.375
0.25,0.1,1123,TRUE,NA,NA,9.590000924626611e-4,negative,TRUE,0.41109041049552353,5.886863909942948e-12,NA,NA,0.10986416707921771,0.375
0.25,0.1,1234,TRUE,NA,NA,0.23436770721751884,negative,FALSE,0.23661311467705642,0.005011264133061872,0.13822133370654008,0.061798593193603125,0.0899565452796586,0.375
0.25,0.1,1357,TRUE,NA,NA,0,negative,TRUE,0.2907405570360952,9.990570448399053e-6,NA,NA,0.1024286888872576,0.375
0.25,0.1,1500,TRUE,NA,NA,0.0010791491445152036,negative,TRUE,0.20245408005610763,7.951005314053457e-4,NA,NA,0.06991749228561306,0.375
0.25,0.1,1618,TRUE,NA,NA,0.0014363869276114978,negative,TRUE,0.35036717171150533,1.2673088520614992e-8,NA,NA,0.08715138149995207,0.375
0.25,0.1,1729,TRUE,NA,NA,0.18284219263629214,negative,FALSE,0.30206259923987905,1.1971080137435513e-4,0.04900890949239719,0.3878511913283179,0.12903336209100721,0.375
0.25,0.1,1847,TRUE,NA,NA,0.0034193964637893475,negative,TRUE,0.3586738608969826,1.6522769613460655e-8,NA,NA,0.1451586937009119,0.375
0.25,0.1,1963,TRUE,NA,NA,4.551455993155681e-6,negative,TRUE,0.23171792184329978,1.2977424913619654e-4,NA,NA,0.08404180621446775,0.375
0.25,0.1,2048,TRUE,NA,NA,5.97062806687968e-4,negative,TRUE,0.35847901188630416,5.421548248059652e-9,NA,NA,0.134486505452009,0.375
0.25,0.1,2222,TRUE,NA,NA,0.145050927079625,negative,FALSE,0.4406788168824219,3.087651112403308e-8,-0.03302655523900366,0.6370044345868047,0.1983356071639991,0.375
0.25,0.1,2345,TRUE,NA,NA,1.7712856335240235e-5,negative,TRUE,0.29151703042057975,1.1865323495700538e-5,NA,NA,0.08411444430826967,0.375
0.25,0.1,2500,TRUE,NA,NA,7.722101826364426e-6,negative,TRUE,0.3477964535960729,3.276426292132646e-8,NA,NA,0.09826004833797014,0.375
0.25,0.1,2718,TRUE,NA,NA,0.09142868250316612,negative,TRUE,0.3137713807753119,1.1867278891649464e-7,NA,NA,0.11217778417382988,0.375
0.25,0.1,2801,TRUE,NA,NA,5.29447907087121e-4,negative,TRUE,0.3261137127746972,3.066323309337316e-7,NA,NA,0.11635020258462542,0.375
0.25,0.1,3001,TRUE,NA,NA,0.002741877830043672,negative,TRUE,0.3447256365501109,6.510956280941099e-8,NA,NA,0.1475302898542285,0.375
0.25,0.1,3141,TRUE,NA,NA,0.0035539669460923767,negative,TRUE,0.48128594758766285,1.92766934281e-12,NA,NA,0.17111481269083734,0.375
0.25,0.1,3333,TRUE,NA,NA,0.08872436321929288,negative,TRUE,0.2656826536475165,2.9569392337993332e-5,NA,NA,0.10342259239917799,0.375
0.25,0.1,3500,TRUE,NA,NA,1.1836519524771225e-4,negative,TRUE,0.3712666382609323,6.92820477261824e-7,NA,NA,0.12001704189287607,0.375
0.25,0.1,3777,TRUE,NA,NA,3.4333523066521095e-4,negative,TRUE,0.3027147656828074,4.200771322435139e-6,NA,NA,0.08187698217144754,0.375
0.25,0.25,71,TRUE,NA,NA,0.0016796933099804282,negative,TRUE,0.36537221518981,1.775377859537318e-8,NA,NA,0.09373314999543501,0.375
0.25,0.25,42,TRUE,NA,NA,4.007972765609865e-5,negative,TRUE,0.2899672850341154,7.351365208179805e-6,NA,NA,0.0971847378778742,0.375
0.25,0.25,123,TRUE,NA,NA,0.13919938810192384,negative,TRUE,0.3246040542962799,2.10473477163418e-6,NA,NA,0.13141458248958607,0.375
0.25,0.25,256,TRUE,NA,NA,0.19252068804335437,negative,TRUE,0.3368094633596617,1.121228444198614e-7,NA,NA,0.14994669407713035,0.375
0.25,0.25,314,TRUE,NA,NA,5.4126357803882276e-05,negative,TRUE,0.31719655331996466,2.792899380528508e-6,NA,NA,0.08869492371726724,0.375
0.25,0.25,500,TRUE,NA,NA,0,negative,TRUE,0.41068385154719655,2.797115746629755e-9,NA,NA,0.13292658049225123,0.375
0.25,0.25,617,TRUE,NA,NA,1.837745896863987e-5,negative,TRUE,0.3544891423805667,2.7820526115628394e-8,NA,NA,0.13097655854747417,0.375
0.25,0.25,789,TRUE,NA,NA,0,negative,TRUE,0.4345205066573296,6.894336415288741e-12,NA,NA,0.1664834873701384,0.375
0.25,0.25,888,TRUE,NA,NA,0,negative,TRUE,0.3426531803013379,1.9090191534732835e-8,NA,NA,0.13675465241853665,0.375
0.25,0.25,999,TRUE,NA,NA,0.0016345575658575826,negative,TRUE,0.3212721421891775,1.776448419520055e-7,NA,NA,0.0932111498542248,0.375
0.25,0.25,1001,TRUE,NA,NA,4.7408350931013376e-4,negative,TRUE,0.3255834673138472,6.851232463861829e-8,NA,NA,0.07675794045713075,0.375
0.25,0.25,1123,TRUE,NA,NA,1.0259892424219392e-4,negative,TRUE,0.3586940399881731,1.6617291762486121e-9,NA,NA,0.11784478161220496,0.375
0.25,0.25,1234,TRUE,NA,NA,0,negative,TRUE,0.2838213671711051,2.184785311485173e-5,NA,NA,0.0705962294863394,0.375
0.25,0.25,1357,TRUE,NA,NA,4.107647353234767e-4,negative,TRUE,0.3538796384941182,1.8595670639226497e-8,NA,NA,0.10733809078485536,0.375
0.25,0.25,1500,TRUE,NA,NA,1.3240954821049916e-4,negative,TRUE,0.3086473083437598,3.88299341685351e-6,NA,NA,0.09086552222882852,0.375
0.25,0.25,1618,TRUE,NA,NA,8.296078988114447e-4,negative,TRUE,0.2996784894696546,2.5031713719741037e-7,NA,NA,0.07357432178431587,0.375
0.25,0.25,1729,TRUE,NA,NA,8.801484714973653e-4,negative,TRUE,0.3651319719912851,2.9175597253343488e-8,NA,NA,0.10255561870210457,0.375
0.25,0.25,1847,TRUE,NA,NA,7.163104226921049e-4,negative,TRUE,0.374549509415122,6.8644587048050054e-9,NA,NA,0.1388048251227982,0.375
0.25,0.25,1963,TRUE,NA,NA,7.782303765079747e-4,negative,TRUE,0.38625612300932,9.564695607340898e-9,NA,NA,0.1167978133573689,0.375
0.25,0.25,2048,TRUE,NA,NA,0.007651513399942847,negative,TRUE,0.3707108920607753,1.5753724347270059e-9,NA,NA,0.1535876005628555,0.375
0.25,0.25,2222,TRUE,NA,NA,0.17605577908419145,negative,TRUE,0.420368721291993,4.053386007595256e-12,NA,NA,0.19844547187098932,0.375
0.25,0.25,2345,TRUE,NA,NA,0.006269958592456209,negative,TRUE,0.3701570821719243,2.0231223999431826e-8,NA,NA,0.09051912909315325,0.375
0.25,0.25,2500,TRUE,NA,NA,4.5017008868275337e-4,negative,TRUE,0.2900788485497694,2.367215549154714e-6,NA,NA,0.09533998020620243,0.375
0.25,0.25,2718,TRUE,NA,NA,3.892822268302238e-4,negative,TRUE,0.2979450770763991,6.27805809611913e-7,NA,NA,0.0959103834314004,0.375
0.25,0.25,2801,TRUE,NA,NA,0,negative,TRUE,0.3699884015025125,2.5086074409823145e-8,NA,NA,0.1102105976222923,0.375
0.25,0.25,3001,TRUE,NA,NA,0.21729955095955,negative,TRUE,0.4517237848286503,6.663363578306582e-11,NA,NA,0.2255446098031389,0.375
0.25,0.25,3141,TRUE,NA,NA,0.006163201622804048,negative,TRUE,0.5143696942546452,2.3713895335974094e-15,NA,NA,0.16094466778246674,0.375
0.25,0.25,3333,TRUE,NA,NA,0.003725317989583553,negative,TRUE,0.32999315769564563,2.26385144653023e-7,NA,NA,0.10101073109592332,0.375
0.25,0.25,3500,TRUE,NA,NA,7.382845506075751e-5,negative,TRUE,0.3148384736694408,1.2084154058404528e-6,NA,NA,0.11216300548894531,0.375
0.25,0.25,3777,TRUE,NA,NA,7.255957622948751e-5,negative,TRUE,0.23496399198179915,4.291865140452511e-4,NA,NA,0.06587456391337586,0.375
0.25,0.4,71,TRUE,NA,NA,0.0058996965951769766,negative,TRUE,0.3770816057364789,2.3692949710958424e-8,NA,NA,0.09048858844426369,0.375
0.25,0.4,42,TRUE,NA,NA,2.0407677416585095e-4,negative,TRUE,0.3248371735889914,4.699052048812554e-7,NA,NA,0.09939664690739222,0.375
0.25,0.4,123,TRUE,NA,NA,1.763788459196569e-4,negative,TRUE,0.3009056359743832,2.101173249718897e-6,NA,NA,0.10903032075048491,0.375
0.25,0.4,256,TRUE,NA,NA,4.964558442733033e-4,negative,TRUE,0.3090224869802498,9.041927298343706e-6,NA,NA,0.12340119086018243,0.375
0.25,0.4,314,TRUE,NA,NA,7.672139411743346e-4,negative,TRUE,0.35603284279339054,3.057839112656447e-8,NA,NA,0.08683075622226477,0.375
0.25,0.4,500,TRUE,NA,NA,0,negative,TRUE,0.4240059608187005,1.173163715087934e-10,NA,NA,0.14054774371923603,0.375
0.25,0.4,617,TRUE,NA,NA,0,negative,TRUE,0.4210857740684045,2.658507603218792e-10,NA,NA,0.1326352952993316,0.375
0.25,0.4,789,TRUE,NA,NA,0,negative,TRUE,0.43916745028615484,5.317095086747274e-10,NA,NA,0.16871027949939127,0.375
0.25,0.4,888,TRUE,NA,NA,2.7893580850398777e-5,negative,TRUE,0.4528881566410002,4.633588912277768e-12,NA,NA,0.15999904744228893,0.375
0.25,0.4,999,TRUE,NA,NA,0,negative,TRUE,0.2907559070018722,1.0459159589703478e-5,NA,NA,0.08832769322496233,0.375
0.25,0.4,1001,TRUE,NA,NA,1.7172420081230836e-5,negative,TRUE,0.23822628335301269,4.892098992197268e-4,NA,NA,0.06960008189801517,0.375
0.25,0.4,1123,TRUE,NA,NA,0.10970064082252626,negative,TRUE,0.3995432966939729,2.4100176124469432e-11,NA,NA,0.13014192148819712,0.375
0.25,0.4,1234,TRUE,NA,NA,0.0014796916921640253,negative,TRUE,0.29638410206342397,1.528324008667655e-6,NA,NA,0.07901167798658833,0.375
0.25,0.4,1357,TRUE,NA,NA,5.644741981088882e-7,negative,TRUE,0.2955594438119547,1.4392781791105358e-6,NA,NA,0.09414447708234971,0.375
0.25,0.4,1500,TRUE,NA,NA,0.001071084250163015,negative,TRUE,0.33135350701557054,1.4197922958338064e-7,NA,NA,0.08310946788061473,0.375
0.25,0.4,1618,TRUE,NA,NA,1.3305405930245012e-4,negative,TRUE,0.3537293058673077,3.1319259838402016e-8,NA,NA,0.09583611713786656,0.375
0.25,0.4,1729,TRUE,NA,NA,1.7932916371930915e-4,negative,TRUE,0.4135634007225774,2.3196776219266075e-11,NA,NA,0.0924440371185385,0.375
0.25,0.4,1847,TRUE,NA,NA,0.1710222081982579,negative,TRUE,0.41187780048883793,3.0850576774635583e-9,NA,NA,0.18402851397316525,0.375
0.25,0.4,1963,TRUE,NA,NA,7.436666829687356e-4,negative,TRUE,0.3783556161783196,9.718723577293452e-10,NA,NA,0.1112003047596422,0.375
0.25,0.4,2048,TRUE,NA,NA,1.239815134080448e-4,negative,TRUE,0.4181601332543769,1.5066502331004222e-11,NA,NA,0.14394946320139582,0.375
0.25,0.4,2222,TRUE,NA,NA,0.19192598971117972,negative,TRUE,0.4168600163474367,1.2401433833516611e-11,NA,NA,0.2020747982146586,0.375
0.25,0.4,2345,TRUE,NA,NA,1.9358691653575328e-4,negative,TRUE,0.3259256539014097,5.638399029959158e-7,NA,NA,0.08110139387971899,0.375
0.25,0.4,2500,TRUE,NA,NA,0.08913238298095286,negative,TRUE,0.341733368415216,1.9572340351019917e-7,NA,NA,0.1173380620680794,0.375
0.25,0.4,2718,TRUE,NA,NA,0.001232784483393778,negative,TRUE,0.27981254141350526,1.4386159993838107e-6,NA,NA,0.09653818497529325,0.375
0.25,0.4,2801,TRUE,NA,NA,2.1278217570384454e-5,negative,TRUE,0.3340381268162525,7.063621194963494e-7,NA,NA,0.1044055359465857,0.375
0.25,0.4,3001,TRUE,NA,NA,0.11626695075662416,negative,TRUE,0.3633776026808058,1.1790303237337306e-8,NA,NA,0.1809055781620234,0.375
0.25,0.4,3141,TRUE,NA,NA,0.21914113531284055,negative,TRUE,0.4309767916549734,3.52973400110336e-10,NA,NA,0.20812156875369414,0.375
0.25,0.4,3333,TRUE,NA,NA,0,negative,TRUE,0.43038252922849035,3.7869448474915795e-11,NA,NA,0.09087757653187269,0.375
0.25,0.4,3500,TRUE,NA,NA,3.728761842933668e-4,negative,TRUE,0.39320012011364636,5.746903097649425e-10,NA,NA,0.1159564090415779,0.375
0.25,0.4,3777,TRUE,NA,NA,0.217460012438996,negative,TRUE,0.32418127309394656,1.0031908330894533e-6,NA,NA,0.1140857721544701,0.375
0.4,0,71,TRUE,NA,NA,0.33944584733661454,negative,FALSE,0.2571052899440215,0.0015196506716603484,-0.04188939932929786,0.6153434375557387,0.0925858840003498,0.29999999999999993
0.4,0,42,TRUE,NA,NA,0.228156065611087,negative,FALSE,0.21613915994152957,0.011334575132050245,0.04896184275586499,0.49379372922169185,0.08158141000213198,0.29999999999999993
0.4,0,123,TRUE,NA,NA,0.12959143590303723,negative,FALSE,0.37343461744712714,6.546389371103634e-6,-0.10794960780534835,0.1981129614267715,0.10003478276107784,0.29999999999999993
0.4,0,256,TRUE,NA,NA,0.0027697934644094605,negative,FALSE,0.36759219116665864,4.472134342569573e-5,-0.12092682268861457,0.1962514606472506,0.10937702118285746,0.29999999999999993
0.4,0,314,TRUE,NA,NA,0.23097788576026654,negative,FALSE,0.43191359486588643,1.122873249427418e-6,-0.1653653180273478,0.035420845064967545,0.11121230852100274,0.29999999999999993
0.4,0,500,TRUE,NA,NA,0,negative,FALSE,0.25983081232217786,1.5392163134170348e-4,NA,NA,0.08329660205940326,0.29999999999999993
0.4,0,617,TRUE,NA,NA,0.001266545764832427,negative,FALSE,0.3069713108224398,1.5815669048864636e-4,-0.04321061956628736,0.5403342205000327,0.1011835792460276,0.29999999999999993
0.4,0,789,TRUE,NA,NA,2.0180827352367625e-4,negative,FALSE,0.3488124579681785,1.3757016456190782e-5,0.023632627967262596,0.7031513085795837,0.11006389494943142,0.29999999999999993
0.4,0,888,TRUE,NA,NA,2.0630337352228415e-5,negative,FALSE,0.30776325550344297,6.08589102374472e-5,0.0016372676688303116,0.9764539440130298,0.09891745783078892,0.29999999999999993
0.4,0,999,TRUE,NA,NA,6.248214004032381e-5,negative,FALSE,0.2843640549435722,1.1779407955695413e-4,-0.03380041825130339,0.566847563767436,0.06501505986734847,0.29999999999999993
0.4,0,1001,TRUE,NA,NA,0.003966730838294228,negative,FALSE,0.20048845571283358,0.017334686027218583,0.003592700317340213,0.9620785478107674,0.04561054501798111,0.29999999999999993
0.4,0,1123,TRUE,NA,NA,0.08740628891856773,negative,FALSE,0.33159134460333206,2.0093503717027242e-5,-0.004519499388187927,0.9465076105706123,0.09146191795027218,0.29999999999999993
0.4,0,1234,TRUE,NA,NA,3.493924754931551e-5,negative,FALSE,0.18178628731439503,0.009281985177104124,-0.04356736087056462,0.4300810195621053,0.049623738458981784,0.29999999999999993
0.4,0,1357,TRUE,NA,NA,9.207273574286371e-4,negative,FALSE,0.3909809408961234,3.84934783264786e-6,-0.1639538525979291,0.035505140329040966,0.09793037665651884,0.29999999999999993
0.4,0,1500,TRUE,NA,NA,0,negative,FALSE,0.2609556498856272,1.722101862357004e-4,NA,NA,0.03909001332959734,0.29999999999999993
0.4,0,1618,TRUE,NA,NA,0.004985651989689353,negative,FALSE,0.2976656308913102,5.383930478327774e-6,-0.058863386345477366,0.31379804308381715,0.06066271073041051,0.29999999999999993
0.4,0,1729,TRUE,NA,NA,0.11289868772255349,negative,FALSE,0.39014964013849585,1.3593017980282855e-05,-0.043705749498379846,0.5580353118879768,0.0954802808748584,0.29999999999999993
0.4,0,1847,TRUE,NA,NA,0.10487304468827575,negative,FALSE,0.5346107208017139,4.843978444647834e-9,-0.1965223303997175,0.0071711038525514685,0.1826741138657917,0.29999999999999993
0.4,0,1963,TRUE,NA,NA,0.2341073764892553,negative,FALSE,0.32612282488590055,4.6119287016324303e-4,-0.02527219449633605,0.7746830582570069,0.11063813114500642,0.29999999999999993
0.4,0,2048,TRUE,NA,NA,0.07289870274219963,negative,FALSE,0.4556743280207141,4.2222058483011884e-7,-0.1852117206550311,0.025810873272678954,0.1701043328592724,0.29999999999999993
0.4,0,2222,TRUE,NA,NA,1.452755145847792e-4,negative,FALSE,0.29756723584606265,7.862438122191421e-5,-0.10603930571302542,0.12302985788317627,0.11383728318151998,0.29999999999999993
0.4,0,2345,TRUE,NA,NA,0.0013418602867123087,negative,FALSE,0.3837648804707032,2.443563939614908e-5,-0.04254572877891526,0.6158368595630345,0.0544766117923401,0.29999999999999993
0.4,0,2500,TRUE,NA,NA,7.17370683394291e-4,negative,FALSE,0.3732808961905411,2.2794840505974355e-5,-0.06741861173374608,0.36421603842959105,0.07580368518425738,0.29999999999999993
0.4,0,2718,TRUE,NA,NA,0.36228785895434695,negative,FALSE,0.2710738866103942,3.9889144999360267e-4,0.03741604618027349,0.598049961199605,0.09422072161156034,0.29999999999999993
0.4,0,2801,TRUE,NA,NA,3.4166021103776987e-4,negative,FALSE,0.36179773855684183,2.8670719853545077e-5,-0.04840262039949849,0.47844995268966695,0.09793308750869988,0.29999999999999993
0.4,0,3001,TRUE,NA,NA,0.0046591806344291895,negative,FALSE,0.5091078767210211,8.979176039141451e-8,-0.18818457701031888,0.041718804349652916,0.17597529117623184,0.29999999999999993
0.4,0,3141,TRUE,NA,NA,0.297976907779361,negative,FALSE,0.32088608732831647,1.0826522256260429e-4,-0.007321289769835102,0.929471793768516,0.14368473518491484,0.29999999999999993
0.4,0,3333,TRUE,NA,NA,0.15021657239933867,negative,FALSE,0.4207331760144604,4.277943022059804e-6,-0.12161317790488427,0.15085279579480013,0.10980911188829208,0.29999999999999993
0.4,0,3500,TRUE,NA,NA,0.001890200703022165,negative,FALSE,0.30161756741326357,1.51172393368707e-4,-0.06462818676345027,0.3492407867867282,0.09181160559403143,0.29999999999999993
0.4,0,3777,TRUE,NA,NA,0.35587118670102563,negative,FALSE,0.22605962886832592,0.01939390525870816,-0.11206689877656549,0.1725848087425468,0.08640454585466846,0.29999999999999993
0.4,0.1,71,TRUE,NA,NA,0.30941969281430004,negative,FALSE,0.37850014749798255,4.513711779832286e-6,-0.07082578916255125,0.3796058467044875,0.1018721849926758,0.29999999999999993
0.4,0.1,42,TRUE,NA,NA,0.00957489541248224,negative,TRUE,0.2931596031291128,9.342174355469225e-6,NA,NA,0.07372387822748604,0.29999999999999993
0.4,0.1,123,TRUE,NA,NA,0.0019239078426633613,negative,TRUE,0.27533149181060274,8.145811282091485e-6,NA,NA,0.06731979297209177,0.29999999999999993
0.4,0.1,256,TRUE,NA,NA,0.007491178288103802,negative,TRUE,0.2901478038547109,8.664465998066717e-6,NA,NA,0.0870095361613522,0.29999999999999993
0.4,0.1,314,TRUE,NA,NA,0.0011568866390172477,negative,TRUE,0.2639971442275578,2.6548297305203244e-4,NA,NA,0.058583141201528105,0.29999999999999993
0.4,0.1,500,TRUE,NA,NA,0,negative,TRUE,0.34804143199328663,8.078876298077509e-8,NA,NA,0.08779851854343239,0.29999999999999993
0.4,0.1,617,TRUE,NA,NA,0.002373284412977082,negative,TRUE,0.23269664764048495,4.1599569041574763e-4,NA,NA,0.0803193257926725,0.29999999999999993
0.4,0.1,789,TRUE,NA,NA,0,negative,TRUE,0.33774588299500236,4.2205434708606685e-7,NA,NA,0.1209261976491072,0.29999999999999993
0.4,0.1,888,TRUE,NA,NA,8.685471032850612e-4,negative,TRUE,0.3646609144046191,1.5409496371632935e-9,NA,NA,0.11103424961148,0.29999999999999993
0.4,0.1,999,TRUE,NA,NA,8.438136253008731e-5,negative,TRUE,0.2535274018117518,1.980899503243991e-5,NA,NA,0.06362878460018759,0.29999999999999993
0.4,0.1,1001,TRUE,NA,NA,2.0565815056324132e-4,negative,TRUE,0.2636296404129629,1.6871085574562806e-4,NA,NA,0.048179264453769695,0.29999999999999993
0.4,0.1,1123,TRUE,NA,NA,0.21136617768979848,negative,FALSE,0.38705687523264204,4.174680760380865e-7,-0.05342886702321168,0.46071339622018914,0.10959267230100499,0.29999999999999993
0.4,0.1,1234,TRUE,NA,NA,0.4030701893491189,negative,FALSE,0.21137507019814475,0.014045126441266846,0.10014631106907615,0.20225388940725206,0.07888857865655871,0.29999999999999993
0.4,0.1,1357,TRUE,NA,NA,1.8024536168667965e-6,negative,TRUE,0.23847523726929656,2.4880910199927687e-4,NA,NA,0.06502455075079056,0.29999999999999993
0.4,0.1,1500,TRUE,NA,NA,0.16931411772667063,negative,FALSE,0.18599433462473416,0.016154404639124615,-0.05880147770630765,0.47033855906060473,0.060127845508545656,0.29999999999999993
0.4,0.1,1618,TRUE,NA,NA,0.3868922816741658,negative,FALSE,0.3978312171567556,5.65493342535131e-6,-0.14738636526460694,0.07843693817906407,0.11472195561458876,0.29999999999999993
0.4,0.1,1729,TRUE,NA,NA,0.23006493237913064,negative,FALSE,0.25978900187913284,6.400486124820857e-4,0.031045930844525057,0.5799613741877709,0.09247655710388832,0.29999999999999993
0.4,0.1,1847,TRUE,NA,NA,0.28621137229341587,negative,FALSE,0.4321222732184323,5.977087167851953e-7,-0.17530424115326415,0.02638613666138538,0.1884645418437167,0.29999999999999993
0.4,0.1,1963,TRUE,NA,NA,7.616927046658587e-4,negative,TRUE,0.17342220928561,0.003521447906649644,NA,NA,0.05397453496511408,0.29999999999999993
0.4,0.1,2048,TRUE,NA,NA,0.015283680197089146,negative,TRUE,0.3033440031700387,4.819737085851345e-7,NA,NA,0.09985446242576325,0.29999999999999993
0.4,0.1,2222,TRUE,NA,NA,0.2494932443681741,negative,FALSE,0.42548345864933484,2.1899694502118008e-7,-0.0748169498198802,0.33282977770465094,0.17413558891675143,0.29999999999999993
0.4,0.1,2345,TRUE,NA,NA,9.183286851576291e-4,negative,TRUE,0.23642753329369082,3.314230555705996e-4,NA,NA,0.05497741323692922,0.29999999999999993
0.4,0.1,2500,TRUE,NA,NA,1.8769246979612872e-4,negative,TRUE,0.2921495615414229,1.732984280637823e-6,NA,NA,0.06197436424106411,0.29999999999999993
0.4,0.1,2718,TRUE,NA,NA,0.32761422917300714,negative,FALSE,0.3206654202228777,1.3844445879331016e-4,-0.08070170217017411,0.3405931254580349,0.11235209947775676,0.29999999999999993
0.4,0.1,2801,TRUE,NA,NA,0.0036774345824492943,negative,TRUE,0.2695386418090913,1.8430373813224425e-5,NA,NA,0.07946664814437114,0.29999999999999993
0.4,0.1,3001,TRUE,NA,NA,0.1730881731176289,negative,FALSE,0.33687892207061776,9.808986195140744e-5,-0.06320036934655018,0.4462745608935653,0.14777325836546693,0.29999999999999993
0.4,0.1,3141,TRUE,NA,NA,0.16080149076912925,negative,FALSE,0.5560253424048837,5.1723075464439646e-11,-0.18667092684132672,0.012235593636258365,0.18319679232358557,0.29999999999999993
0.4,0.1,3333,TRUE,NA,NA,0.2033240513170885,negative,FALSE,0.2316844620206218,0.007784228553508791,-0.02805037253257353,0.745275050102483,0.0811260373865364,0.29999999999999993
0.4,0.1,3500,TRUE,NA,NA,4.738026179404549e-4,negative,TRUE,0.3207132077528524,1.356535045555241e-5,NA,NA,0.08240540170234718,0.29999999999999993
0.4,0.1,3777,TRUE,NA,NA,3.62052591699455e-4,negative,TRUE,0.2453583829752843,1.8177175215285425e-4,NA,NA,0.04627109835002695,0.29999999999999993
0.4,0.25,71,TRUE,NA,NA,0.3319251711425079,negative,FALSE,0.41192220178021755,1.035510551527275e-5,-0.137229746684459,0.13171980043694181,0.11354902117299055,0.29999999999999993
0.4,0.25,42,TRUE,NA,NA,9.539419608292843e-4,negative,TRUE,0.23658950514544125,2.043838940088767e-4,NA,NA,0.0666473986159115,0.29999999999999993
0.4,0.25,123,TRUE,NA,NA,0.24940414252240176,negative,TRUE,0.27255702251425296,5.6372301410597966e-5,NA,NA,0.10182841766703168,0.29999999999999993
0.4,0.25,256,TRUE,NA,NA,0.32199366833271226,negative,FALSE,0.34044362755645036,2.2439784400657512e-4,-0.07712864337138703,0.41101946399561207,0.13574466749391423,0.29999999999999993
0.4,0.25,314,TRUE,NA,NA,6.067136405239135e-4,negative,TRUE,0.2577427571369958,1.2490329405897007e-4,NA,NA,0.057615268756616364,0.29999999999999993
0.4,0.25,500,TRUE,NA,NA,0,negative,TRUE,0.3446482128081412,5.060653213595489e-7,NA,NA,0.08835365277985846,0.29999999999999993
0.4,0.25,617,TRUE,NA,NA,3.751787795061369e-4,negative,TRUE,0.29770252146291504,2.1295724684511462e-6,NA,NA,0.09193176832324046,0.29999999999999993
0.4,0.25,789,TRUE,NA,NA,5.64907888641488e-4,negative,TRUE,0.37287781574837997,2.276700962859644e-9,NA,NA,0.1238356249590415,0.29999999999999993
0.4,0.25,888,TRUE,NA,NA,5.7713750717642464e-5,negative,TRUE,0.28004089680537625,2.5965778888086887e-6,NA,NA,0.09447014240015143,0.29999999999999993
0.4,0.25,999,TRUE,NA,NA,0.16162195869820603,negative,TRUE,0.2557263217785,1.82837967823703e-5,NA,NA,0.07595276814368397,0.29999999999999993
0.4,0.25,1001,TRUE,NA,NA,0.0067123190530134465,negative,TRUE,0.26170655506504126,3.4637584700086115e-6,NA,NA,0.04574636357522218,0.29999999999999993
0.4,0.25,1123,TRUE,NA,NA,6.778859014140514e-4,negative,TRUE,0.3065835518262355,1.8836006604780201e-7,NA,NA,0.07866967609385993,0.29999999999999993
0.4,0.25,1234,TRUE,NA,NA,1.3011044903437453e-4,negative,TRUE,0.22463680179133577,4.783322370245499e-4,NA,NA,0.047770120933127096,0.29999999999999993
0.4,0.25,1357,TRUE,NA,NA,2.434876677746058e-4,negative,TRUE,0.298748120353538,1.3645493853069767e-6,NA,NA,0.0662127197744592,0.29999999999999993
0.4,0.25,1500,TRUE,NA,NA,4.37696513922381e-4,negative,TRUE,0.25089280389770874,1.4815131884219043e-4,NA,NA,0.05625632205932962,0.29999999999999993
0.4,0.25,1618,TRUE,NA,NA,0.005102737724709318,negative,TRUE,0.2401880902825307,1.9820899156311737e-5,NA,NA,0.04628825655356014,0.29999999999999993
0.4,0.25,1729,TRUE,NA,NA,0.006242175692458484,negative,TRUE,0.29688198221444895,3.1511035413772713e-6,NA,NA,0.06741242651403283,0.29999999999999993
0.4,0.25,1847,TRUE,NA,NA,0.006416294641694497,negative,TRUE,0.3104100906344853,1.1577311828200867e-6,NA,NA,0.09933529825951623,0.29999999999999993
0.4,0.25,1963,TRUE,NA,NA,7.222496596003857e-4,negative,TRUE,0.33744516358260046,4.3564412496203644e-7,NA,NA,0.07326832069614075,0.29999999999999993
0.4,0.25,2048,TRUE,NA,NA,0.21552580252994494,negative,TRUE,0.3147891339475255,2.457859031475494e-7,NA,NA,0.1406558796194953,0.29999999999999993
0.4,0.25,2222,TRUE,NA,NA,0.3120774777363863,negative,FALSE,0.4259989581745229,1.8362183735271084e-7,-0.07963391796299311,0.295737174696462,0.18789761929879512,0.29999999999999993
0.4,0.25,2345,TRUE,NA,NA,0.28873449493008607,negative,FALSE,0.3393442835625286,1.1795363969490551e-4,-0.03486723042966659,0.676534182004306,0.08485902629914552,0.29999999999999993
0.4,0.25,2500,TRUE,NA,NA,0.13129307512706537,negative,TRUE,0.23887105871215153,7.923766678397236e-5,NA,NA,0.07715580488845997,0.29999999999999993
0.4,0.25,2718,TRUE,NA,NA,0.005873767663929505,negative,TRUE,0.24142371261181514,3.705192374928564e-5,NA,NA,0.06471818591993611,0.29999999999999993
0.4,0.25,2801,TRUE,NA,NA,2.0513145431309714e-5,negative,TRUE,0.31167439903291244,1.248436493876742e-6,NA,NA,0.0730596537286288,0.29999999999999993
0.4,0.25,3001,TRUE,NA,NA,0.32660883589939826,negative,FALSE,0.47475112304410516,6.390037782016398e-7,-0.10120018938751187,0.2514359744498952,0.21085385594769776,0.29999999999999993
0.4,0.25,3141,TRUE,NA,NA,0.28327161851887006,negative,FALSE,0.569340904701538,9.130537947910696e-11,-0.14744703361825046,0.06729224260442139,0.18557360529756226,0.29999999999999993
0.4,0.25,3333,TRUE,NA,NA,0.17429909570669183,negative,TRUE,0.2752344645328553,1.2311244722424022e-5,NA,NA,0.08210725798469008,0.29999999999999993
0.4,0.25,3500,TRUE,NA,NA,5.876545894407556e-4,negative,TRUE,0.2610053527682021,3.883528918871687e-5,NA,NA,0.07663558666656116,0.29999999999999993
0.4,0.25,3777,TRUE,NA,NA,7.944342964857835e-4,negative,TRUE,0.17401329937214421,0.008643723637906834,NA,NA,0.038542192102957375,0.29999999999999993
0.4,0.4,71,TRUE,NA,NA,0.2859607689514111,negative,TRUE,0.3228291990541286,1.1367600769742978e-6,NA,NA,0.08411496073310666,0.29999999999999993
0.4,0.4,42,TRUE,NA,NA,0.19761652365026497,negative,TRUE,0.26214787326450184,3.54931926010358e-5,NA,NA,0.08617944014772842,0.29999999999999993
0.4,0.4,123,TRUE,NA,NA,3.578644270894415e-4,negative,TRUE,0.2535072029820825,5.275145067887661e-5,NA,NA,0.07234920960689212,0.29999999999999993
0.4,0.4,256,TRUE,NA,NA,0.005990694670660855,negative,TRUE,0.26044439955342535,1.5246840753718876e-4,NA,NA,0.08827522135687427,0.29999999999999993
0.4,0.4,314,TRUE,NA,NA,0.33081926597572703,negative,TRUE,0.28343084716843214,7.225434518149685e-6,NA,NA,0.09131463893344548,0.29999999999999993
0.4,0.4,500,TRUE,NA,NA,0,negative,TRUE,0.35254651951784527,5.001340217136591e-8,NA,NA,0.0935240714321757,0.29999999999999993
0.4,0.4,617,TRUE,NA,NA,7.023301373403884e-4,negative,TRUE,0.3581245286466144,3.133896469612751e-8,NA,NA,0.0999417760305066,0.29999999999999993
0.4,0.4,789,TRUE,NA,NA,1.0727767905761898e-5,negative,TRUE,0.37807408157255146,3.924101944944114e-8,NA,NA,0.12279758618062157,0.29999999999999993
0.4,0.4,888,TRUE,NA,NA,5.343335678794844e-4,negative,TRUE,0.38915066348068944,1.2418495961206463e-9,NA,NA,0.11344368066051305,0.29999999999999993
0.4,0.4,999,TRUE,NA,NA,0,negative,TRUE,0.23022722352136918,4.323544817361771e-4,NA,NA,0.0549842308042343,0.29999999999999993
0.4,0.4,1001,TRUE,NA,NA,1.4222915250956957e-5,negative,TRUE,0.18585359360163603,0.006154322713628527,NA,NA,0.039553220875516715,0.29999999999999993
0.4,0.4,1123,TRUE,NA,NA,0.282849850717717,negative,TRUE,0.3495880224714475,3.217166155727945e-9,NA,NA,0.10722385660943924,0.29999999999999993
0.4,0.4,1234,TRUE,NA,NA,0.008175663286624758,negative,TRUE,0.23696087872858426,7.551648981937747e-5,NA,NA,0.049512639513592305,0.29999999999999993
0.4,0.4,1357,TRUE,NA,NA,4.79210789540288e-5,negative,TRUE,0.24672637243815046,4.4634313954084945e-5,NA,NA,0.06376262136255212,0.29999999999999993
0.4,0.4,1500,TRUE,NA,NA,0.03140053018436166,negative,TRUE,0.2754141050437119,5.707376647034781e-6,NA,NA,0.05971365221901277,0.29999999999999993
0.4,0.4,1618,TRUE,NA,NA,0.004036242519748877,negative,TRUE,0.2957734595025167,1.554942664979004e-6,NA,NA,0.06347316217449026,0.29999999999999993
0.4,0.4,1729,TRUE,NA,NA,0.004175727922687865,negative,TRUE,0.3589772081612981,2.0832169410522914e-9,NA,NA,0.0669476022536956,0.29999999999999993
0.4,0.4,1847,TRUE,NA,NA,0.2812461613471059,negative,TRUE,0.3492598028923233,3.780229233732397e-7,NA,NA,0.14718093745326769,0.29999999999999993
0.4,0.4,1963,TRUE,NA,NA,0.026141744164781596,negative,TRUE,0.3212727539321867,1.1175538483634465e-7,NA,NA,0.07779218886794372,0.29999999999999993
0.4,0.4,2048,TRUE,NA,NA,0.0013843023162257502,negative,TRUE,0.36072583298169714,2.9668846798521503e-9,NA,NA,0.1060162748447997,0.29999999999999993
0.4,0.4,2222,TRUE,NA,NA,0.32185144433379653,negative,TRUE,0.3661737346781734,1.9516314697573904e-9,NA,NA,0.17442369844324335,0.29999999999999993
0.4,0.4,2345,TRUE,NA,NA,0.0015576984947480773,negative,TRUE,0.2773090506779044,1.4671827356737404e-5,NA,NA,0.05226232317727187,0.29999999999999993
0.4,0.4,2500,TRUE,NA,NA,0.20385261585009976,negative,TRUE,0.2883587468170916,7.517776880552997e-6,NA,NA,0.08965751223653183,0.29999999999999993
0.4,0.4,2718,TRUE,NA,NA,0.16384818381544253,negative,TRUE,0.23033438992157207,5.69933703217308e-5,NA,NA,0.07771328974939862,0.29999999999999993
0.4,0.4,2801,TRUE,NA,NA,6.774436178473075e-5,negative,TRUE,0.2723060067722483,3.8756788983842065e-5,NA,NA,0.0683979446360521,0.29999999999999993
0.4,0.4,3001,TRUE,NA,NA,0.23803295171044977,negative,TRUE,0.30946229333110475,1.0802885142630483e-6,NA,NA,0.15244893623848937,0.29999999999999993
0.4,0.4,3141,TRUE,NA,NA,0.3447089445509323,negative,TRUE,0.37946401961241194,2.7949136304427914e-8,NA,NA,0.17830836408283424,0.29999999999999993
0.4,0.4,3333,TRUE,NA,NA,0,negative,TRUE,0.3751302788628291,3.228768184981576e-9,NA,NA,0.05428064731682858,0.29999999999999993
0.4,0.4,3500,TRUE,NA,NA,0.004322063956583082,negative,TRUE,0.3364143394987304,5.7801775416025984e-8,NA,NA,0.07975382079440464,0.29999999999999993
0.4,0.4,3777,TRUE,NA,NA,0.36151126767057123,negative,TRUE,0.265132489603186,5.318424565745018e-5,NA,NA,0.08641986639048009,0.29999999999999993
